1,1.1,41,32,457.66,8.3,6.45E+06,515595.1,HUMAN,P04114,Apolipoprotein B-100,,2,22.87,91.1,1.15E+05,ITENDIQIALDDAK,779.9015
1,1.1,41,32,457.66,8.3,6.45E+06,515595.1,HUMAN,P04114,Apolipoprotein B-100,,3,21.52,92.6,6.74E+05,ILGEELGFASLHDLQLLGK,685.0496
1,1.1,41,32,457.66,8.3,6.45E+06,515595.1,HUMAN,P04114,Apolipoprotein B-100,,2,21.25,93.5,1.59E+05,ALVEQGFTVPEIK,715.8978
1,1.1,41,32,457.66,8.3,6.45E+06,515595.1,HUMAN,P04114,Apolipoprotein B-100,,2,20.59,95.3,2.19E+05,IVQILPWEQNEQVK,862.4736
1,1.1,41,32,457.66,8.3,6.45E+06,515595.1,HUMAN,P04114,Apolipoprotein B-100,,3,19.67,89.5,2.80E+05,LLSGGNTLHLVSTTK,514.2956
1,1.1,41,32,457.66,8.3,6.45E+06,515595.1,HUMAN,P04114,Apolipoprotein B-100,,2,18.83,90.1,1.72E+04,IAELSATAQEIIK,693.8965
1,1.1,41,32,457.66,8.3,6.45E+06,515595.1,HUMAN,P04114,Apolipoprotein B-100,,2,18.73,84.7,7.91E+04,IVQILPWEQNEQVK,575.3147
1,1.1,41,32,457.66,8.3,6.45E+06,515595.1,HUMAN,P04114,Apolipoprotein B-100,,2,18.29,84.8,5.96E+04,ALYWVNGQVPDGVSK,816.9217
1,1.1,41,32,457.66,8.3,6.45E+06,515595.1,HUMAN,P04114,Apolipoprotein B-100,,2,18.08,94.7,2.50E+05,IEGNLIFDPNNYLPK,873.9564
1,1.1,41,32,457.66,8.3,6.45E+06,515595.1,HUMAN,P04114,Apolipoprotein B-100,,3,17.99,92.6,3.23E+05,LELELRPTGEIEQYSVSATYELQR,942.1505
1,1.1,41,32,457.66,8.3,6.45E+06,515595.1,HUMAN,P04114,Apolipoprotein B-100,,4,17.47,72,2.92E+05,DKDQEVLLQTFLDDASPGDKR,797.3999
1,1.1,41,32,457.66,8.3,6.45E+06,515595.1,HUMAN,P04114,Apolipoprotein B-100,,2,17.15,91.5,1.76E+05,QTIIVVLENVQR,706.4171
1,1.1,41,32,457.66,8.3,6.45E+06,515595.1,HUMAN,P04114,Apolipoprotein B-100,,3,16.4,88.6,4.57E+04,SVGFHLPSR,333.8507
1,1.1,41,32,457.66,8.3,6.45E+06,515595.1,HUMAN,P04114,Apolipoprotein B-100,,2,15.63,80.9,4.41E+04,EVYGFNPEGK,570.2742
1,1.1,41,32,457.66,8.3,6.45E+06,515595.1,HUMAN,P04114,Apolipoprotein B-100,,2,15.25,95.3,2.77E+05,TEVIPPLIENR,640.8642
1,1.1,41,32,457.66,8.3,6.45E+06,515595.1,HUMAN,P04114,Apolipoprotein B-100,,2,15.22,84.5,1.59E+05,ALVEQGFTVPEIK,715.8978
1,1.1,41,32,457.66,8.3,6.45E+06,515595.1,HUMAN,P04114,Apolipoprotein B-100,,2,14.98,84.9,6.73E+04,LTISEQNIQR,601.3311
1,1.1,41,32,457.66,8.3,6.45E+06,515595.1,HUMAN,P04114,Apolipoprotein B-100,,4,14.23,79.8,2.38E+05,NFVASHIANILNSEELDIQDLKK,871.1293
1,1.1,41,32,457.66,8.3,6.45E+06,515595.1,HUMAN,P04114,Apolipoprotein B-100,,2,13.56,79,2.32E+05,IDDIWNLEVK,622.8314
1,1.1,41,32,457.66,8.3,6.45E+06,515595.1,HUMAN,P04114,Apolipoprotein B-100,,2,13.36,81.3,1.88E+05,IAELSATAQEIIK,693.895
1,1.1,41,32,457.66,8.3,6.45E+06,515595.1,HUMAN,P04114,Apolipoprotein B-100,,2,13.27,75.3,2.82E+05,TSSFALNLPTLPEVK,808.9481
1,1.1,41,32,457.66,8.3,6.45E+06,515595.1,HUMAN,P04114,Apolipoprotein B-100,,3,12.87,66,1.64E+04,LELELRPTGEIEQYSVSATYELQR,942.1524
1,1.1,41,32,457.66,8.3,6.45E+06,515595.1,HUMAN,P04114,Apolipoprotein B-100,,2,12.76,75.3,1.72E+04,IAELSATAQEIIK,693.8965
1,1.1,41,32,457.66,8.3,6.45E+06,515595.1,HUMAN,P04114,Apolipoprotein B-100,,2,12.68,71.2,2.53E+05,TGISPLALIK,506.8236
1,1.1,41,32,457.66,8.3,6.45E+06,515595.1,HUMAN,P04114,Apolipoprotein B-100,,2,12.46,73.1,1.88E+05,IAELSATAQEIIK,693.895
1,1.1,41,32,457.66,8.3,6.45E+06,515595.1,HUMAN,P04114,Apolipoprotein B-100,,2,12.25,75.1,1.76E+05,QTIIVVLENVQR,706.4171
1,1.1,41,32,457.66,8.3,6.45E+06,515595.1,HUMAN,P04114,Apolipoprotein B-100,,2,11.98,83.3,2.33E+05,GIISALLVPPETEEAK,833.9666
1,1.1,41,32,457.66,8.3,6.45E+06,515595.1,HUMAN,P04114,Apolipoprotein B-100,,2,11.54,88,1.26E+05,FIIPGLK,394.2577
1,1.1,41,32,457.66,8.3,6.45E+06,515595.1,HUMAN,P04114,Apolipoprotein B-100,,2,11.04,85.5,5.53E+04,LVTELR,365.7265
1,1.1,41,32,457.66,8.3,6.45E+06,515595.1,HUMAN,P04114,Apolipoprotein B-100,,2,11.02,78.9,4.64E+04,LAIPEGK,364.2197
1,1.1,41,32,457.66,8.3,6.45E+06,515595.1,HUMAN,P04114,Apolipoprotein B-100,,2,10.75,70,3.19E+04,FVTQAEGAK,475.7504
1,1.1,41,32,457.66,8.3,6.45E+06,515595.1,HUMAN,P04114,Apolipoprotein B-100,,2,10.25,69.9,2.53E+05,TGISPLALIK,506.8236
1,1.1,41,32,457.66,8.3,6.45E+06,515595.1,HUMAN,P04114,Apolipoprotein B-100,,2,10.05,74.8,8.32E+04,IGVELTGR,422.7497
1,1.1,41,32,457.66,8.3,6.45E+06,515595.1,HUMAN,P04114,Apolipoprotein B-100,,3,10.03,69.9,1.48E+05,LLSGGNTLHLVSTTK,770.9379
1,1.1,41,32,457.66,8.3,6.45E+06,515595.1,HUMAN,P04114,Apolipoprotein B-100,,2,9.98,79.5,1.83E+05,ALVDTLK,380.2379
1,1.1,41,32,457.66,8.3,6.45E+06,515595.1,HUMAN,P04114,Apolipoprotein B-100,,2,9.65,79.3,1.91E+05,NIILPVYDK,537.8137
1,1.1,41,32,457.66,8.3,6.45E+06,515595.1,HUMAN,P04114,Apolipoprotein B-100,,3,9.47,77.8,9.03E+04,DLKVEDIPLAR,423.5788
1,1.1,41,32,457.66,8.3,6.45E+06,515595.1,HUMAN,P04114,Apolipoprotein B-100,,2,9.01,70.2,5.12E+04,LDVTTSIGR,481.2683
1,1.1,41,32,457.66,8.3,6.45E+06,515595.1,HUMAN,P04114,Apolipoprotein B-100,,2,8.29,71.4,3.43E+04,EIQIYK,397.2285
1,1.1,41,32,457.66,8.3,6.45E+06,515595.1,HUMAN,P04114,Apolipoprotein B-100,,2,8.13,62.5,5.71E+04,QIDDIDVR,487.2535
1,1.1,41,32,457.66,8.3,6.45E+06,515595.1,HUMAN,P04114,Apolipoprotein B-100,,2,7.04,79.7,3.40E+04,LTIFK,311.2024
2,2.1,37,24,404.83,45.9,1.54E+07,70448.4,HUMAN,J3KMX3,Alpha-fetoprotein,,4,26.42,100,1.83E+06,DALTAIEKPTGDEQSSGcLENQLPAFLEELcHEK,958.2058
2,2.1,37,24,404.83,45.9,1.54E+07,70448.4,HUMAN,J3KMX3,Alpha-fetoprotein,,2,23.15,96.7,1.66E+05,AENAVEcFQTK,648.7985
2,2.1,37,24,404.83,45.9,1.54E+07,70448.4,HUMAN,J3KMX3,Alpha-fetoprotein,,4,22.94,96.4,4.33E+05,GQcIIHAENDEKPEGLSPNLNR,831.072
2,2.1,37,24,404.83,45.9,1.54E+07,70448.4,HUMAN,J3KMX3,Alpha-fetoprotein,,3,22.26,91.7,8.46E+05,NIFLASFVHEYSR,791.9046
2,2.1,37,24,404.83,45.9,1.54E+07,70448.4,HUMAN,J3KMX3,Alpha-fetoprotein,,3,22.23,93.2,5.41E+05,LLAcGEGAADIIIGHLcIR,684.6962
2,2.1,37,24,404.83,45.9,1.54E+07,70448.4,HUMAN,J3KMX3,Alpha-fetoprotein,,5,21.54,94,1.36E+05,LVLDVAHVHEHccR,582.2844
2,2.1,37,24,404.83,45.9,1.54E+07,70448.4,HUMAN,J3KMX3,Alpha-fetoprotein,,4,20.87,87.7,7.14E+05,GQcIIHAENDEKPEGLSPNLNR,623.5554
2,2.1,37,24,404.83,45.9,1.54E+07,70448.4,HUMAN,J3KMX3,Alpha-fetoprotein,,2,20.66,85.1,6.12E+04,IMSYIcSQQDTLSNK,894.4189
2,2.1,37,24,404.83,45.9,1.54E+07,70448.4,HUMAN,J3KMX3,Alpha-fetoprotein,,5,20.43,93.7,1.59E+05,LVLDVAHVHEHccR,436.9653
2,2.1,37,24,404.83,45.9,1.54E+07,70448.4,HUMAN,J3KMX3,Alpha-fetoprotein,,2,20.28,94.9,1.32E+06,TFQAITVTK,504.7898
2,2.1,37,24,404.83,45.9,1.54E+07,70448.4,HUMAN,J3KMX3,Alpha-fetoprotein,,2,20.03,88.7,1.07E+04,LGEYYLQNAFLVAYTK,946.9953
2,2.1,37,24,404.83,45.9,1.54E+07,70448.4,HUMAN,J3KMX3,Alpha-fetoprotein,,3,20.02,84.9,2.61E+04,LLAcGEGAADIIIGHLcIR,684.6989
2,2.1,37,24,404.83,45.9,1.54E+07,70448.4,HUMAN,J3KMX3,Alpha-fetoprotein,,2,19.2,95.3,2.40E+05,YIQESQALAK,575.8091
2,2.1,37,24,404.83,45.9,1.54E+07,70448.4,HUMAN,J3KMX3,Alpha-fetoprotein,,2,18.55,91,5.09E+05,GDVLDcLQDGEK,674.8065
2,2.1,37,24,404.83,45.9,1.54E+07,70448.4,HUMAN,J3KMX3,Alpha-fetoprotein,,2,18.4,93.6,4.58E+05,GYQELLEK,490.2596
2,2.1,37,24,404.83,45.9,1.54E+07,70448.4,HUMAN,J3KMX3,Alpha-fetoprotein,,2,17.7,92,4.10E+05,FIYEIAR,456.253
2,2.1,37,24,404.83,45.9,1.54E+07,70448.4,HUMAN,J3KMX3,Alpha-fetoprotein,,3,17.6,85.7,5.23E+03,NIFLASFVHEYSR,528.272
2,2.1,37,24,404.83,45.9,1.54E+07,70448.4,HUMAN,J3KMX3,Alpha-fetoprotein,,3,17.29,84.7,1.73E+06,NIFLASFVHEYSR,528.2721
2,2.1,37,24,404.83,45.9,1.54E+07,70448.4,HUMAN,J3KMX3,Alpha-fetoprotein,,2,16.08,89.2,1.41E+06,QEFLINLVK,552.3264
2,2.1,37,24,404.83,45.9,1.54E+07,70448.4,HUMAN,J3KMX3,Alpha-fetoprotein,,3,15.68,74.9,2.06E+05,KAPQLTSSELMAITR,549.3047
2,2.1,37,24,404.83,45.9,1.54E+07,70448.4,HUMAN,J3KMX3,Alpha-fetoprotein,,2,14.82,83.1,7.23E+04,DFNQFSSGEK,579.7569
2,2.1,37,24,404.83,45.9,1.54E+07,70448.4,HUMAN,J3KMX3,Alpha-fetoprotein,,2,14.07,78,7.23E+04,DFNQFSSGEK,579.7569
2,2.1,37,24,404.83,45.9,1.54E+07,70448.4,HUMAN,J3KMX3,Alpha-fetoprotein,,3,13.82,84.3,1.85E+05,cFQTENPLEcQDKGEEELQK,828.0344
2,2.1,37,24,404.83,45.9,1.54E+07,70448.4,HUMAN,J3KMX3,Alpha-fetoprotein,,4,13.44,82.6,3.41E+05,RHPQLAVSVILR,463.6215
2,2.1,37,24,404.83,45.9,1.54E+07,70448.4,HUMAN,J3KMX3,Alpha-fetoprotein,,4,12.59,84.2,1.29E+04,RHPQLAVSVILR,463.6227
2,2.1,37,24,404.83,45.9,1.54E+07,70448.4,HUMAN,J3KMX3,Alpha-fetoprotein,,3,12.1,85.7,1.75E+05,FLGDRDFNQFSSGEK,582.9414
2,2.1,37,24,404.83,45.9,1.54E+07,70448.4,HUMAN,J3KMX3,Alpha-fetoprotein,,2,11.76,82.2,2.70E+05,LTTLER,366.7164
2,2.1,37,24,404.83,45.9,1.54E+07,70448.4,HUMAN,J3KMX3,Alpha-fetoprotein,,3,10.7,60.5,1.13E+05,KAPQLTSSELMAITR,823.4498
2,2.1,37,24,404.83,45.9,1.54E+07,70448.4,HUMAN,J3KMX3,Alpha-fetoprotein,,2,9.97,73.1,1.52E+05,EILEK,631.3653
2,2.1,37,24,404.83,45.9,1.54E+07,70448.4,HUMAN,J3KMX3,Alpha-fetoprotein,,2,9.97,74,2.55E+05,GYQELLEK,979.5091
2,2.1,37,24,404.83,45.9,1.54E+07,70448.4,HUMAN,J3KMX3,Alpha-fetoprotein,,4,9.59,65.1,1.29E+04,RHPQLAVSVILR,463.6227
2,2.1,37,24,404.83,45.9,1.54E+07,70448.4,HUMAN,J3KMX3,Alpha-fetoprotein,,2,9.31,70.4,1.99E+06,TFQAITVTK,1008.572
2,2.1,37,24,404.83,45.9,1.54E+07,70448.4,HUMAN,J3KMX3,Alpha-fetoprotein,,2,8.84,61.4,6.94E+04,ScGLFQK,420.2083
2,2.1,37,24,404.83,45.9,1.54E+07,70448.4,HUMAN,J3KMX3,Alpha-fetoprotein,,3,8.78,62.2,2.06E+05,KAPQLTSSELMAITR,549.3047
2,2.1,37,24,404.83,45.9,1.54E+07,70448.4,HUMAN,J3KMX3,Alpha-fetoprotein,,3,8.55,66.2,2.61E+04,LLAcGEGAADIIIGHLcIR,684.6989
2,2.1,37,24,404.83,45.9,1.54E+07,70448.4,HUMAN,J3KMX3,Alpha-fetoprotein,,2,8.38,90.2,7.48E+04,IIPSccK,439.217
2,2.1,37,24,404.83,45.9,1.54E+07,70448.4,HUMAN,J3KMX3,Alpha-fetoprotein,,2,6.58,78.3,1.07E+05,FLGDR,304.1633
3,3.1,33,21,301.51,32.7,3.76E+06,58826.1,HUMAN,P13645,"Keratin, type I cytoskeletal 10",,2,21.6,88.6,1.95E+05,ELTTEIDNNIEQISSYK,998.9884
3,3.1,33,21,301.51,32.7,3.76E+06,58826.1,HUMAN,P13645,"Keratin, type I cytoskeletal 10",,2,20.89,86.9,2.55E+05,AETEcQNTEYQQLLDIK,1041.9859
3,3.1,33,21,301.51,32.7,3.76E+06,58826.1,HUMAN,P13645,"Keratin, type I cytoskeletal 10",,2,20.08,90,2.60E+04,NVQALEIELQSQLALK,899.01
3,3.1,33,21,301.51,32.7,3.76E+06,58826.1,HUMAN,P13645,"Keratin, type I cytoskeletal 10",,2,18.79,90.5,1.37E+05,ALEESNYELEGK,691.328
3,3.1,33,21,301.51,32.7,3.76E+06,58826.1,HUMAN,P13645,"Keratin, type I cytoskeletal 10",,2,18.38,86.5,2.60E+04,NVQALEIELQSQLALK,899.01
3,3.1,33,21,301.51,32.7,3.76E+06,58826.1,HUMAN,P13645,"Keratin, type I cytoskeletal 10",,2,18.13,83.9,2.60E+04,NVQALEIELQSQLALK,899.01
3,3.1,33,21,301.51,32.7,3.76E+06,58826.1,HUMAN,P13645,"Keratin, type I cytoskeletal 10",,3,16.17,68.6,1.13E+05,QSVEADINGLRR,453.2447
3,3.1,33,21,301.51,32.7,3.76E+06,58826.1,HUMAN,P13645,"Keratin, type I cytoskeletal 10",,2,16.16,86.7,7.42E+04,LENEIQTYR,583.2961
3,3.1,33,21,301.51,32.7,3.76E+06,58826.1,HUMAN,P13645,"Keratin, type I cytoskeletal 10",,2,15.84,80.5,1.29E+04,NQILNLTTDNANILLQIDNAR,789.7603
3,3.1,33,21,301.51,32.7,3.76E+06,58826.1,HUMAN,P13645,"Keratin, type I cytoskeletal 10",,3,15.25,82.6,1.78E+05,SKELTTEIDNNIEQISSYK,738.038
3,3.1,33,21,301.51,32.7,3.76E+06,58826.1,HUMAN,P13645,"Keratin, type I cytoskeletal 10",,3,14.8,80.2,7.06E+04,LKYENEVALR,617.843
3,3.1,33,21,301.51,32.7,3.76E+06,58826.1,HUMAN,P13645,"Keratin, type I cytoskeletal 10",,3,14.79,89,1.13E+05,IRLENEIQTYR,478.9288
3,3.1,33,21,301.51,32.7,3.76E+06,58826.1,HUMAN,P13645,"Keratin, type I cytoskeletal 10",,2,14.73,91.8,7.35E+05,VLDELTLTK,516.3027
3,3.1,33,21,301.51,32.7,3.76E+06,58826.1,HUMAN,P13645,"Keratin, type I cytoskeletal 10",,2,14.22,83.8,7.30E+04,SLLEGEGSSGGGGR,631.8019
3,3.1,33,21,301.51,32.7,3.76E+06,58826.1,HUMAN,P13645,"Keratin, type I cytoskeletal 10",,2,14.04,80.6,2.60E+04,NVQALEIELQSQLALK,899.01
3,3.1,33,21,301.51,32.7,3.76E+06,58826.1,HUMAN,P13645,"Keratin, type I cytoskeletal 10",,2,13.63,69.2,2.06E+05,QSLEASLAETEGR,695.844
3,3.1,33,21,301.51,32.7,3.76E+06,58826.1,HUMAN,P13645,"Keratin, type I cytoskeletal 10",,2,13.34,80.1,8.97E+04,YENEVALR,497.2546
3,3.1,33,21,301.51,32.7,3.76E+06,58826.1,HUMAN,P13645,"Keratin, type I cytoskeletal 10",,2,12.34,68.9,2.52E+04,NVQALEIELQSQLALK,599.6769
3,3.1,33,21,301.51,32.7,3.76E+06,58826.1,HUMAN,P13645,"Keratin, type I cytoskeletal 10",,2,12.15,74.2,1.01E+05,QSVEADINGLR,601.3124
3,3.1,33,21,301.51,32.7,3.76E+06,58826.1,HUMAN,P13645,"Keratin, type I cytoskeletal 10",,2,12.03,77.7,8.02E+04,DAEAWFNEK,555.2494
3,3.1,33,21,301.51,32.7,3.76E+06,58826.1,HUMAN,P13645,"Keratin, type I cytoskeletal 10",,3,11.69,68.5,7.07E+04,LKYENEVALR,412.2323
3,3.1,33,21,301.51,32.7,3.76E+06,58826.1,HUMAN,P13645,"Keratin, type I cytoskeletal 10",,2,11.3,69.8,8.29E+04,ELTTEIDNNIEQISSYK,666.3337
3,3.1,33,21,301.51,32.7,3.76E+06,58826.1,HUMAN,P13645,"Keratin, type I cytoskeletal 10",,2,11.16,75.2,8.60E+04,LAADDFR,404.2113
3,3.1,33,21,301.51,32.7,3.76E+06,58826.1,HUMAN,P13645,"Keratin, type I cytoskeletal 10",,2,11.08,77.4,2.52E+04,NVQALEIELQSQLALK,599.6769
3,3.1,33,21,301.51,32.7,3.76E+06,58826.1,HUMAN,P13645,"Keratin, type I cytoskeletal 10",,2,10.67,67,2.52E+04,NVQALEIELQSQLALK,599.6769
3,3.1,33,21,301.51,32.7,3.76E+06,58826.1,HUMAN,P13645,"Keratin, type I cytoskeletal 10",,2,10,79.3,1.36E+05,TIDDLK,352.6955
3,3.1,33,21,301.51,32.7,3.76E+06,58826.1,HUMAN,P13645,"Keratin, type I cytoskeletal 10",,2,9.68,62.3,1.29E+04,NQILNLTTDNANILLQIDNAR,789.7603
3,3.1,33,21,301.51,32.7,3.76E+06,58826.1,HUMAN,P13645,"Keratin, type I cytoskeletal 10",,2,9.56,64.1,7.30E+04,SLLEGEGSSGGGGR,631.8019
3,3.1,33,21,301.51,32.7,3.76E+06,58826.1,HUMAN,P13645,"Keratin, type I cytoskeletal 10",,2,9.2,80.7,1.51E+05,SEITELR,424.2297
3,3.1,33,21,301.51,32.7,3.76E+06,58826.1,HUMAN,P13645,"Keratin, type I cytoskeletal 10",,2,9.1,66.2,2.40E+05,VLDELTLTK,1031.5981
3,3.1,33,21,301.51,32.7,3.76E+06,58826.1,HUMAN,P13645,"Keratin, type I cytoskeletal 10",,2,8.69,75.8,6.72E+04,LASYLDK,405.2253
3,3.1,33,21,301.51,32.7,3.76E+06,58826.1,HUMAN,P13645,"Keratin, type I cytoskeletal 10",,2,8.61,61.4,1.51E+05,AETEcQNTEYQQLLDIK,694.9929
3,3.1,33,21,301.51,32.7,3.76E+06,58826.1,HUMAN,P13645,"Keratin, type I cytoskeletal 10",,3,7.99,73.1,7.89E+04,SEITELRR,335.189
4,4.1,30,18,292.17,28.4,1.05E+07,66037.6,HUMAN,P04264,"Keratin, type II cytoskeletal 1",,2,21.94,96.5,3.73E+04,LALDLEIATYR,639.3589
4,4.1,30,18,292.17,28.4,1.05E+07,66037.6,HUMAN,P04264,"Keratin, type II cytoskeletal 1",,2,21.54,96.4,7.92E+05,SLNNQFASFIDK,692.3494
4,4.1,30,18,292.17,28.4,1.05E+07,66037.6,HUMAN,P04264,"Keratin, type II cytoskeletal 1",,2,21.17,94.3,5.76E+05,FLEQQNQVLQTK,738.3965
4,4.1,30,18,292.17,28.4,1.05E+07,66037.6,HUMAN,P04264,"Keratin, type II cytoskeletal 1",,2,19.61,88.9,7.19E+05,WELLQQVDTSTR,738.3791
4,4.1,30,18,292.17,28.4,1.05E+07,66037.6,HUMAN,P04264,"Keratin, type II cytoskeletal 1",,2,19.42,92.9,5.21E+05,LNDLEDALQQAK,679.352
4,4.1,30,18,292.17,28.4,1.05E+07,66037.6,HUMAN,P04264,"Keratin, type II cytoskeletal 1",,2,19.37,91.5,6.50E+05,LALDLEIATYR,639.3583
4,4.1,30,18,292.17,28.4,1.05E+07,66037.6,HUMAN,P04264,"Keratin, type II cytoskeletal 1",,1,18.62,87.9,1.32E+05,qISNLQQSISDAEQR,850.4161
4,4.1,30,18,292.17,28.4,1.05E+07,66037.6,HUMAN,P04264,"Keratin, type II cytoskeletal 1",,2,17.93,90,2.65E+05,TNAENEFVTIK,633.3225
4,4.1,30,18,292.17,28.4,1.05E+07,66037.6,HUMAN,P04264,"Keratin, type II cytoskeletal 1",,3,16.82,82.8,1.59E+05,THNLEPYFESFINNLR,665.3286
4,4.1,30,18,292.17,28.4,1.05E+07,66037.6,HUMAN,P04264,"Keratin, type II cytoskeletal 1",,2,16.39,63.4,4.18E+05,YEELQITAGR,590.3046
4,4.1,30,18,292.17,28.4,1.05E+07,66037.6,HUMAN,P04264,"Keratin, type II cytoskeletal 1",,2,16.14,93.2,4.55E+05,TLLEGEESR,517.2614
4,4.1,30,18,292.17,28.4,1.05E+07,66037.6,HUMAN,P04264,"Keratin, type II cytoskeletal 1",,2,15.9,93.5,6.85E+05,IEISELNR,487.2695
4,4.1,30,18,292.17,28.4,1.05E+07,66037.6,HUMAN,P04264,"Keratin, type II cytoskeletal 1",,3,15.51,79.4,8.18E+04,TNAENEFVTIKK,697.3698
4,4.1,30,18,292.17,28.4,1.05E+07,66037.6,HUMAN,P04264,"Keratin, type II cytoskeletal 1",,2,15.25,87.2,8.57E+04,LNDLEDALQQAK,453.2376
4,4.1,30,18,292.17,28.4,1.05E+07,66037.6,HUMAN,P04264,"Keratin, type II cytoskeletal 1",,2,14.96,79.4,2.46E+06,SLDLDSIIAEVK,651.8658
4,4.1,30,18,292.17,28.4,1.05E+07,66037.6,HUMAN,P04264,"Keratin, type II cytoskeletal 1",,2,14.96,70.5,7.19E+05,WELLQQVDTSTR,738.3816
4,4.1,30,18,292.17,28.4,1.05E+07,66037.6,HUMAN,P04264,"Keratin, type II cytoskeletal 1",,2,14.82,78.8,3.73E+04,LALDLEIATYR,639.3589
4,4.1,30,18,292.17,28.4,1.05E+07,66037.6,HUMAN,P04264,"Keratin, type II cytoskeletal 1",,3,14.79,71.9,9.36E+04,TNAENEFVTIKK,465.2505
4,4.1,30,18,292.17,28.4,1.05E+07,66037.6,HUMAN,P04264,"Keratin, type II cytoskeletal 1",,2,14.51,80.6,9.74E+03,WELLQQVDTSTR,738.3796
4,4.1,30,18,292.17,28.4,1.05E+07,66037.6,HUMAN,P04264,"Keratin, type II cytoskeletal 1",,2,13.6,76.8,7.54E+04,QISNLQQSISDAEQR,572.9564
4,4.1,30,18,292.17,28.4,1.05E+07,66037.6,HUMAN,P04264,"Keratin, type II cytoskeletal 1",,2,13.26,92.9,2.04E+05,SISISVAR,416.7486
4,4.1,30,18,292.17,28.4,1.05E+07,66037.6,HUMAN,P04264,"Keratin, type II cytoskeletal 1",,3,13.05,80.2,1.59E+05,THNLEPYFESFINNLR,665.3286
4,4.1,30,18,292.17,28.4,1.05E+07,66037.6,HUMAN,P04264,"Keratin, type II cytoskeletal 1",,2,12.48,88.1,1.77E+05,SLVNLGGSK,437.7532
4,4.1,30,18,292.17,28.4,1.05E+07,66037.6,HUMAN,P04264,"Keratin, type II cytoskeletal 1",,2,11.83,66.1,6.50E+05,LALDLEIATYR,639.3583
4,4.1,30,18,292.17,28.4,1.05E+07,66037.6,HUMAN,P04264,"Keratin, type II cytoskeletal 1",,2,10.92,90.3,1.35E+05,VDLQAK,337.1979
4,4.1,30,18,292.17,28.4,1.05E+07,66037.6,HUMAN,P04264,"Keratin, type II cytoskeletal 1",,2,10.72,74.4,7.32E+03,YEELQITAGR,590.3063
4,4.1,30,18,292.17,28.4,1.05E+07,66037.6,HUMAN,P04264,"Keratin, type II cytoskeletal 1",,2,10.33,76.7,3.89E+04,FLEQQNK,453.7366
4,4.1,30,18,292.17,28.4,1.05E+07,66037.6,HUMAN,P04264,"Keratin, type II cytoskeletal 1",,2,10.27,75.8,4.91E+04,FASFIDK,414.2203
4,4.1,30,18,292.17,28.4,1.05E+07,66037.6,HUMAN,P04264,"Keratin, type II cytoskeletal 1",,4,9.95,60.5,5.37E+04,NKYEDEINKR,436.8906
4,4.1,30,18,292.17,28.4,1.05E+07,66037.6,HUMAN,P04264,"Keratin, type II cytoskeletal 1",,2,9.84,63.4,3.63E+04,FLEQQNQVLQTK,492.6003
4,4.1,30,18,292.17,28.4,1.05E+07,66037.6,HUMAN,P04264,"Keratin, type II cytoskeletal 1",,2,9.61,72.7,6.81E+04,AQYEDIAQK,533.2646
4,4.1,30,18,292.17,28.4,1.05E+07,66037.6,HUMAN,P04264,"Keratin, type II cytoskeletal 1",,2,9,76.6,2.14E+04,LLEGEESR,466.7391
4,4.1,30,18,292.17,28.4,1.05E+07,66037.6,HUMAN,P04264,"Keratin, type II cytoskeletal 1",,2,6.36,63,9.08E+04,VDLQAK,673.3876
4,4.2,18,15,224.46,24.4,3.95E+06,65431.7,HUMAN,P35908,"Keratin, type II cytoskeletal 2 epidermal",,2,23,96,6.05E+05,VDLLNQEIEFLK,730.9041
4,4.2,18,15,224.46,24.4,3.95E+06,65431.7,HUMAN,P35908,"Keratin, type II cytoskeletal 2 epidermal",,2,21.17,94.3,5.76E+05,FLEQQNQVLQTK,738.3965
4,4.2,18,15,224.46,24.4,3.95E+06,65431.7,HUMAN,P35908,"Keratin, type II cytoskeletal 2 epidermal",,2,17.58,88.1,5.91E+04,NVQDAIADAEQR,665.3226
4,4.2,18,15,224.46,24.4,3.95E+06,65431.7,HUMAN,P35908,"Keratin, type II cytoskeletal 2 epidermal",,2,17.47,88.9,9.44E+04,TAAENDFVTLK,604.8119
4,4.2,18,15,224.46,24.4,3.95E+06,65431.7,HUMAN,P35908,"Keratin, type II cytoskeletal 2 epidermal",,2,16.76,90.4,7.75E+04,VDPEIQNVK,521.2826
4,4.2,18,15,224.46,24.4,3.95E+06,65431.7,HUMAN,P35908,"Keratin, type II cytoskeletal 2 epidermal",,2,16.64,88.4,1.42E+05,YEELQVTVGR,597.3104
4,4.2,18,15,224.46,24.4,3.95E+06,65431.7,HUMAN,P35908,"Keratin, type II cytoskeletal 2 epidermal",,2,15.9,93.5,6.85E+05,IEISELNR,487.2695
4,4.2,18,15,224.46,24.4,3.95E+06,65431.7,HUMAN,P35908,"Keratin, type II cytoskeletal 2 epidermal",,2,14.96,85.7,1.06E+06,NLDLDSIIAEVK,665.3674
4,4.2,18,15,224.46,24.4,3.95E+06,65431.7,HUMAN,P35908,"Keratin, type II cytoskeletal 2 epidermal",,2,14.73,74.1,1.77E+05,LNDLEEALQQAK,686.3592
4,4.2,18,15,224.46,24.4,3.95E+06,65431.7,HUMAN,P35908,"Keratin, type II cytoskeletal 2 epidermal",,2,13.27,75.3,2.73E+04,GFSSGSAVVSGGSR,627.8073
4,4.2,18,15,224.46,24.4,3.95E+06,65431.7,HUMAN,P35908,"Keratin, type II cytoskeletal 2 epidermal",,3,12.36,71.4,3.49E+04,LQGEIAHVK,332.1948
4,4.2,18,15,224.46,24.4,3.95E+06,65431.7,HUMAN,P35908,"Keratin, type II cytoskeletal 2 epidermal",,2,11.1,77,6.72E+04,YLDGLTAER,519.268
4,4.2,18,15,224.46,24.4,3.95E+06,65431.7,HUMAN,P35908,"Keratin, type II cytoskeletal 2 epidermal",,2,10.41,61.3,1.19E+04,LALDVEIATYR,632.3491
4,4.2,18,15,224.46,24.4,3.95E+06,65431.7,HUMAN,P35908,"Keratin, type II cytoskeletal 2 epidermal",,2,10.33,76.7,3.89E+04,FLEQQNK,453.7366
4,4.2,18,15,224.46,24.4,3.95E+06,65431.7,HUMAN,P35908,"Keratin, type II cytoskeletal 2 epidermal",,2,10.27,75.8,4.91E+04,FASFIDK,414.2203
4,4.2,18,15,224.46,24.4,3.95E+06,65431.7,HUMAN,P35908,"Keratin, type II cytoskeletal 2 epidermal",,2,9.84,63.4,3.63E+04,FLEQQNQVLQTK,492.6003
4,4.2,18,15,224.46,24.4,3.95E+06,65431.7,HUMAN,P35908,"Keratin, type II cytoskeletal 2 epidermal",,2,9.54,66.6,5.91E+04,NVQDAIADAEQR,665.3226
4,4.2,18,15,224.46,24.4,3.95E+06,65431.7,HUMAN,P35908,"Keratin, type II cytoskeletal 2 epidermal",,2,9.11,60.9,1.42E+05,YEELQVTVGR,597.3104
4,4.2,18,15,224.46,24.4,3.95E+06,65431.7,HUMAN,P35908,"Keratin, type II cytoskeletal 2 epidermal",,2,8.84,80.1,4.40E+04,LLEGEEcR,503.2386
4,4.3,13,10,136.67,19.6,2.11E+06,53703.3,HUMAN,P05787,"Keratin, type II cytoskeletal 8",,2,21.94,96.5,3.73E+04,LALDIEIATYR,639.3589
4,4.3,13,10,136.67,19.6,2.11E+06,53703.3,HUMAN,P05787,"Keratin, type II cytoskeletal 8",,2,19.37,91.5,6.50E+05,LALDIEIATYR,639.3583
4,4.3,13,10,136.67,19.6,2.11E+06,53703.3,HUMAN,P05787,"Keratin, type II cytoskeletal 8",,2,17.02,86.7,9.40E+04,LSELEAALQR,565.3142
4,4.3,13,10,136.67,19.6,2.11E+06,53703.3,HUMAN,P05787,"Keratin, type II cytoskeletal 8",,2,15.85,81,1.72E+05,LEGLTDEINFLR,710.3775
4,4.3,13,10,136.67,19.6,2.11E+06,53703.3,HUMAN,P05787,"Keratin, type II cytoskeletal 8",,2,15.41,84.5,2.06E+05,LQAEIEGLK,500.7869
4,4.3,13,10,136.67,19.6,2.11E+06,53703.3,HUMAN,P05787,"Keratin, type II cytoskeletal 8",,2,14.82,78.8,3.73E+04,LALDIEIATYR,639.3589
4,4.3,13,10,136.67,19.6,2.11E+06,53703.3,HUMAN,P05787,"Keratin, type II cytoskeletal 8",,2,14.16,79.8,4.90E+04,LVSESSDVLPK,587.3213
4,4.3,13,10,136.67,19.6,2.11E+06,53703.3,HUMAN,P05787,"Keratin, type II cytoskeletal 8",,2,12.74,79.3,5.08E+04,YEELQSLAGK,569.3011
4,4.3,13,10,136.67,19.6,2.11E+06,53703.3,HUMAN,P05787,"Keratin, type II cytoskeletal 8",,2,11.83,66.1,6.50E+05,LALDIEIATYR,639.3583
4,4.3,13,10,136.67,19.6,2.11E+06,53703.3,HUMAN,P05787,"Keratin, type II cytoskeletal 8",,2,10.33,76.7,3.89E+04,FLEQQNK,453.7366
4,4.3,13,10,136.67,19.6,2.11E+06,53703.3,HUMAN,P05787,"Keratin, type II cytoskeletal 8",,2,10.27,75.8,4.91E+04,FASFIDK,414.2203
4,4.3,13,10,136.67,19.6,2.11E+06,53703.3,HUMAN,P05787,"Keratin, type II cytoskeletal 8",,4,9.95,60.5,5.37E+04,NKYEDEINKR,436.8906
4,4.3,13,10,136.67,19.6,2.11E+06,53703.3,HUMAN,P05787,"Keratin, type II cytoskeletal 8",,2,9,76.6,2.14E+04,LLEGEESR,466.7391
5,5.1,29,20,281.16,64,1.51E+07,30777.3,HUMAN,P02647,Apolipoprotein A-I,,2,26.21,96.5,8.52E+05,LLDNWDSVTSTFSK,806.8969
5,5.1,29,20,281.16,64,1.51E+07,30777.3,HUMAN,P02647,Apolipoprotein A-I,,2,22.86,97.5,4.66E+05,DYVSQFEGSALGK,700.839
5,5.1,29,20,281.16,64,1.51E+07,30777.3,HUMAN,P02647,Apolipoprotein A-I,,2,22.24,95.1,1.65E+06,VSFLSALEEYTK,693.8622
5,5.1,29,20,281.16,64,1.51E+07,30777.3,HUMAN,P02647,Apolipoprotein A-I,,2,20.74,96.1,2.12E+06,DLATVYVDVLK,618.3476
5,5.1,29,20,281.16,64,1.51E+07,30777.3,HUMAN,P02647,Apolipoprotein A-I,,3,20.49,97.9,4.03E+05,LREQLGPVTQEFWDNLEK,734.7111
5,5.1,29,20,281.16,64,1.51E+07,30777.3,HUMAN,P02647,Apolipoprotein A-I,,3,17.71,82.7,3.79E+05,VKDLATVYVDVLK,731.9295
5,5.1,29,20,281.16,64,1.51E+07,30777.3,HUMAN,P02647,Apolipoprotein A-I,,3,14.76,79.4,3.79E+05,VKDLATVYVDVLK,731.9295
5,5.1,29,20,281.16,64,1.51E+07,30777.3,HUMAN,P02647,Apolipoprotein A-I,,2,14.44,66.8,5.61E+06,QGLLPVLESFK,615.8591
5,5.1,29,20,281.16,64,1.51E+07,30777.3,HUMAN,P02647,Apolipoprotein A-I,,2,13.64,61.8,2.38E+05,EQLGPVTQEFWDNLEK,966.9751
5,5.1,29,20,281.16,64,1.51E+07,30777.3,HUMAN,P02647,Apolipoprotein A-I,,3,13.01,79,8.12E+04,AKPALEDLR,338.1998
5,5.1,29,20,281.16,64,1.51E+07,30777.3,HUMAN,P02647,Apolipoprotein A-I,,2,12.75,87.5,1.54E+04,DLATVYVDVLK,618.3484
5,5.1,29,20,281.16,64,1.51E+07,30777.3,HUMAN,P02647,Apolipoprotein A-I,,3,12.22,74.8,1.13E+05,ATEHLSTLSEK,405.8792
5,5.1,29,20,281.16,64,1.51E+07,30777.3,HUMAN,P02647,Apolipoprotein A-I,,2,11.8,82,2.10E+05,VQPYLDDFQK,626.8142
5,5.1,29,20,281.16,64,1.51E+07,30777.3,HUMAN,P02647,Apolipoprotein A-I,,3,11.5,74.1,7.64E+04,DSGRDYVSQFEGSALGK,605.9567
5,5.1,29,20,281.16,64,1.51E+07,30777.3,HUMAN,P02647,Apolipoprotein A-I,,3,11.5,74.7,7.97E+05,VKDLATVYVDVLK,488.289
5,5.1,29,20,281.16,64,1.51E+07,30777.3,HUMAN,P02647,Apolipoprotein A-I,,3,10.95,80.5,6.46E+04,VEPLRAELQEGAR,489.9352
5,5.1,29,20,281.16,64,1.51E+07,30777.3,HUMAN,P02647,Apolipoprotein A-I,,2,10.67,78.8,5.53E+05,DLATVYVDVLK,1235.6884
5,5.1,29,20,281.16,64,1.51E+07,30777.3,HUMAN,P02647,Apolipoprotein A-I,,3,10.67,73.6,1.33E+04,VKDLATVYVDVLK,488.2897
5,5.1,29,20,281.16,64,1.51E+07,30777.3,HUMAN,P02647,Apolipoprotein A-I,,3,10.21,73.1,1.33E+04,VKDLATVYVDVLK,488.2897
5,5.1,29,20,281.16,64,1.51E+07,30777.3,HUMAN,P02647,Apolipoprotein A-I,,3,9.82,67.7,5.26E+04,VQPYLDDFQKK,690.8593
5,5.1,29,20,281.16,64,1.51E+07,30777.3,HUMAN,P02647,Apolipoprotein A-I,,2,9.37,78.6,8.92E+04,DLEEVK,366.6932
5,5.1,29,20,281.16,64,1.51E+07,30777.3,HUMAN,P02647,Apolipoprotein A-I,,3,9.12,61.5,4.39E+04,LEALKENGGAR,386.5493
5,5.1,29,20,281.16,64,1.51E+07,30777.3,HUMAN,P02647,Apolipoprotein A-I,,3,9.07,65,1.46E+05,AKPALEDLR,506.7932
5,5.1,29,20,281.16,64,1.51E+07,30777.3,HUMAN,P02647,Apolipoprotein A-I,,2,8.98,75.9,2.77E+05,QLNLK,308.1953
5,5.1,29,20,281.16,64,1.51E+07,30777.3,HUMAN,P02647,Apolipoprotein A-I,,3,8.86,74.4,6.20E+04,THLAPYSDELR,651.3305
5,5.1,29,20,281.16,64,1.51E+07,30777.3,HUMAN,P02647,Apolipoprotein A-I,,2,8.63,84.4,1.09E+05,VEPLR,307.1859
5,5.1,29,20,281.16,64,1.51E+07,30777.3,HUMAN,P02647,Apolipoprotein A-I,,2,8.57,65.6,1.06E+05,LSPLGEEMR,516.2674
5,5.1,29,20,281.16,64,1.51E+07,30777.3,HUMAN,P02647,Apolipoprotein A-I,,3,6.65,60.3,8.12E+04,AKPALEDLR,338.1998
5,5.1,29,20,281.16,64,1.51E+07,30777.3,HUMAN,P02647,Apolipoprotein A-I,,2,6.05,63.9,1.06E+05,LSPLGEEMR,516.2674
6,6.1,21,17,268.55,46.2,3.10E+06,45398.2,HUMAN,P06727,Apolipoprotein A-IV,,2,23.24,97.9,4.89E+05,SELTQQLNALFQDK,817.9229
6,6.1,21,17,268.55,46.2,3.10E+06,45398.2,HUMAN,P06727,Apolipoprotein A-IV,,2,21.06,93.6,1.69E+05,LGEVNTYAGDLQK,704.3591
6,6.1,21,17,268.55,46.2,3.10E+06,45398.2,HUMAN,P06727,Apolipoprotein A-IV,,2,19.98,93,6.14E+04,SLAPYAQDTQEK,675.8313
6,6.1,21,17,268.55,46.2,3.10E+06,45398.2,HUMAN,P06727,Apolipoprotein A-IV,,4,18.68,91.5,2.27E+05,SLAELGGHLDQQVEEFRR,521.771
6,6.1,21,17,268.55,46.2,3.10E+06,45398.2,HUMAN,P06727,Apolipoprotein A-IV,,2,18.13,96.5,4.63E+05,LAPLAEDVR,492.2802
6,6.1,21,17,268.55,46.2,3.10E+06,45398.2,HUMAN,P06727,Apolipoprotein A-IV,,3,16.33,84.6,1.15E+05,SLAELGGHLDQQVEEFR,964.4787
6,6.1,21,17,268.55,46.2,3.10E+06,45398.2,HUMAN,P06727,Apolipoprotein A-IV,,2,16.12,82.2,7.49E+04,IDQNVEELK,544.2858
6,6.1,21,17,268.55,46.2,3.10E+06,45398.2,HUMAN,P06727,Apolipoprotein A-IV,,3,15.79,88.3,4.63E+04,LVPFATELHER,437.9075
6,6.1,21,17,268.55,46.2,3.10E+06,45398.2,HUMAN,P06727,Apolipoprotein A-IV,,2,15.6,93.3,8.63E+04,ISASAEELR,488.2603
6,6.1,21,17,268.55,46.2,3.10E+06,45398.2,HUMAN,P06727,Apolipoprotein A-IV,,4,14.59,72.6,7.39E+04,LKEEIGKELEELR,397.2266
6,6.1,21,17,268.55,46.2,3.10E+06,45398.2,HUMAN,P06727,Apolipoprotein A-IV,,4,14.48,77.2,1.12E+05,LKEEIGKELEELR,529.2981
6,6.1,21,17,268.55,46.2,3.10E+06,45398.2,HUMAN,P06727,Apolipoprotein A-IV,,3,14.25,91.4,7.79E+04,IDQTVEELRR,420.23
6,6.1,21,17,268.55,46.2,3.10E+06,45398.2,HUMAN,P06727,Apolipoprotein A-IV,,2,13.92,83.6,3.49E+04,TQVNTQAEQLR,644.3355
6,6.1,21,17,268.55,46.2,3.10E+06,45398.2,HUMAN,P06727,Apolipoprotein A-IV,,2,13.44,73.5,5.83E+04,ALVQQMEQLR,608.3294
6,6.1,21,17,268.55,46.2,3.10E+06,45398.2,HUMAN,P06727,Apolipoprotein A-IV,,3,13.34,76.9,3.15E+04,LVPFATELHER,656.3554
6,6.1,21,17,268.55,46.2,3.10E+06,45398.2,HUMAN,P06727,Apolipoprotein A-IV,,3,13.25,75.9,4.64E+04,LLPHANEVSQK,618.3414
6,6.1,21,17,268.55,46.2,3.10E+06,45398.2,HUMAN,P06727,Apolipoprotein A-IV,,2,13.12,86.7,9.97E+04,LEPYADQLR,552.7876
6,6.1,21,17,268.55,46.2,3.10E+06,45398.2,HUMAN,P06727,Apolipoprotein A-IV,,4,11.97,72,8.43E+04,ENADSLQASLRPHADELK,665.3349
6,6.1,21,17,268.55,46.2,3.10E+06,45398.2,HUMAN,P06727,Apolipoprotein A-IV,,2,11.02,67.2,1.69E+05,LGEVNTYAGDLQK,704.3591
6,6.1,21,17,268.55,46.2,3.10E+06,45398.2,HUMAN,P06727,Apolipoprotein A-IV,,2,9.08,84.9,8.78E+04,IGDNLR,344.1972
6,6.1,21,17,268.55,46.2,3.10E+06,45398.2,HUMAN,P06727,Apolipoprotein A-IV,,2,8.97,60.3,4.89E+05,SELTQQLNALFQDK,817.9229
7,7.1,22,13,218.03,30.8,3.80E+06,62063.3,HUMAN,P35527,"Keratin, type I cytoskeletal 9",,3,25.39,94.8,4.84E+05,DIENQYETQITQIEHEVSSSGQEVQSSAK,1088.8435
7,7.1,22,13,218.03,30.8,3.80E+06,62063.3,HUMAN,P35527,"Keratin, type I cytoskeletal 9",,3,22.72,100,3.22E+05,EIETYHNLLEGGQEDFESSGAGK,837.383
7,7.1,22,13,218.03,30.8,3.80E+06,62063.3,HUMAN,P35527,"Keratin, type I cytoskeletal 9",,3,21.38,98.2,5.35E+04,HGVQELEIELQSQLSK,613.328
7,7.1,22,13,218.03,30.8,3.80E+06,62063.3,HUMAN,P35527,"Keratin, type I cytoskeletal 9",,2,19.26,87.6,6.55E+04,SGGGGGGGLGSGGSIR,616.8027
7,7.1,22,13,218.03,30.8,3.80E+06,62063.3,HUMAN,P35527,"Keratin, type I cytoskeletal 9",,3,17.89,84.7,2.39E+05,HGVQELEIELQSQLSK,919.4869
7,7.1,22,13,218.03,30.8,3.80E+06,62063.3,HUMAN,P35527,"Keratin, type I cytoskeletal 9",,2,17.66,79.4,2.31E+05,VQALEEANNDLENK,793.8863
7,7.1,22,13,218.03,30.8,3.80E+06,62063.3,HUMAN,P35527,"Keratin, type I cytoskeletal 9",,2,17.38,87.7,1.71E+05,QGVDADINGLR,579.2995
7,7.1,22,13,218.03,30.8,3.80E+06,62063.3,HUMAN,P35527,"Keratin, type I cytoskeletal 9",,2,17.25,94.5,2.02E+05,QEYEQLIAK,561.2959
7,7.1,22,13,218.03,30.8,3.80E+06,62063.3,HUMAN,P35527,"Keratin, type I cytoskeletal 9",,3,16.97,74.5,9.59E+04,EIETYHNLLEGGQEDFESSGAGK,1255.5721
7,7.1,22,13,218.03,30.8,3.80E+06,62063.3,HUMAN,P35527,"Keratin, type I cytoskeletal 9",,3,15.91,88.6,4.16E+05,NYSPYYNTIDDLKDQIVDLTVGNNK,968.1417
7,7.1,22,13,218.03,30.8,3.80E+06,62063.3,HUMAN,P35527,"Keratin, type I cytoskeletal 9",,2,15.84,83.2,8.55E+04,QVLDNLTmEK,603.8056
7,7.1,22,13,218.03,30.8,3.80E+06,62063.3,HUMAN,P35527,"Keratin, type I cytoskeletal 9",,2,15.73,89.9,4.24E+05,TLLDIDNTR,530.7857
7,7.1,22,13,218.03,30.8,3.80E+06,62063.3,HUMAN,P35527,"Keratin, type I cytoskeletal 9",,2,15.32,76.2,2.31E+05,VQALEEANNDLENK,793.8865
7,7.1,22,13,218.03,30.8,3.80E+06,62063.3,HUMAN,P35527,"Keratin, type I cytoskeletal 9",,2,13.24,76.7,2.02E+05,QEYEQLIAK,561.2959
7,7.1,22,13,218.03,30.8,3.80E+06,62063.3,HUMAN,P35527,"Keratin, type I cytoskeletal 9",,3,12.14,71.6,1.69E+04,HGVQELEIELQSQLSK,919.4868
7,7.1,22,13,218.03,30.8,3.80E+06,62063.3,HUMAN,P35527,"Keratin, type I cytoskeletal 9",,2,10.88,76.8,7.13E+04,EVTQLR,373.2134
7,7.1,22,13,218.03,30.8,3.80E+06,62063.3,HUMAN,P35527,"Keratin, type I cytoskeletal 9",,2,10.15,66.9,7.15E+04,VQALEEANNDLENK,529.5938
7,7.1,22,13,218.03,30.8,3.80E+06,62063.3,HUMAN,P35527,"Keratin, type I cytoskeletal 9",,2,9.94,64.4,3.81E+03,QEIEcQNQEYSLLLSIK,699.0185
7,7.1,22,13,218.03,30.8,3.80E+06,62063.3,HUMAN,P35527,"Keratin, type I cytoskeletal 9",,2,8.69,75.8,6.72E+04,LASYLDK,405.2253
7,7.1,22,13,218.03,30.8,3.80E+06,62063.3,HUMAN,P35527,"Keratin, type I cytoskeletal 9",,2,7.9,68.8,5.16E+04,QEYEQLIAK,1121.5822
7,7.1,22,13,218.03,30.8,3.80E+06,62063.3,HUMAN,P35527,"Keratin, type I cytoskeletal 9",,2,7.73,60.3,6.33E+04,QVLDNLTMEK,595.8089
7,7.1,22,13,218.03,30.8,3.80E+06,62063.3,HUMAN,P35527,"Keratin, type I cytoskeletal 9",,3,7.25,68.1,2.39E+05,HGVQELEIELQSQLSK,919.4869
8,8.1,20,15,217.56,40.2,4.69E+06,41736,HUMAN,P60709,"Actin, cytoplasmic 1",,2,24.14,98,7.37E+05,SYELPDGQVITIGNER,895.9502
8,8.1,20,15,217.56,40.2,4.69E+06,41736,HUMAN,P60709,"Actin, cytoplasmic 1",,3,19.43,86.3,8.86E+04,QEYDESGPSIVHR,506.2404
8,8.1,20,15,217.56,40.2,4.69E+06,41736,HUMAN,P60709,"Actin, cytoplasmic 1",,2,18.71,92.4,5.92E+04,GYSFTTTAER,566.7674
8,8.1,20,15,217.56,40.2,4.69E+06,41736,HUMAN,P60709,"Actin, cytoplasmic 1",,2,18.15,92.4,2.53E+05,SYELPDGQVITIGNER,597.6363
8,8.1,20,15,217.56,40.2,4.69E+06,41736,HUMAN,P60709,"Actin, cytoplasmic 1",,2,17.68,92.4,3.71E+04,DSYVGDEAQSK,599.7645
8,8.1,20,15,217.56,40.2,4.69E+06,41736,HUMAN,P60709,"Actin, cytoplasmic 1",,2,17.07,95.8,4.28E+05,IIAPPER,398.24
8,8.1,20,15,217.56,40.2,4.69E+06,41736,HUMAN,P60709,"Actin, cytoplasmic 1",,3,16.52,81.8,6.97E+05,VAPEEHPVLLTEAPLNPK,977.5389
8,8.1,20,15,217.56,40.2,4.69E+06,41736,HUMAN,P60709,"Actin, cytoplasmic 1",,2,15.27,85.5,1.19E+05,EITALAPSTMK,581.3133
8,8.1,20,15,217.56,40.2,4.69E+06,41736,HUMAN,P60709,"Actin, cytoplasmic 1",,2,14.18,65.9,5.59E+04,qEYDESGPSIVHR,750.3416
8,8.1,20,15,217.56,40.2,4.69E+06,41736,HUMAN,P60709,"Actin, cytoplasmic 1",,3,13.96,80.9,6.97E+05,VAPEEHPVLLTEAPLNPK,977.5389
8,8.1,20,15,217.56,40.2,4.69E+06,41736,HUMAN,P60709,"Actin, cytoplasmic 1",,2,12.73,93.2,2.79E+05,GILTLK,322.7212
8,8.1,20,15,217.56,40.2,4.69E+06,41736,HUMAN,P60709,"Actin, cytoplasmic 1",,3,12.1,77.6,4.43E+04,IIAPPERK,308.5278
8,8.1,20,15,217.56,40.2,4.69E+06,41736,HUMAN,P60709,"Actin, cytoplasmic 1",,2,12.08,82,7.34E+04,cDVDIR,389.1825
8,8.1,20,15,217.56,40.2,4.69E+06,41736,HUMAN,P60709,"Actin, cytoplasmic 1",,2,11.91,69.6,4.29E+03,LcYVALDFEQEMATAASSSSLEK,1275.5917
8,8.1,20,15,217.56,40.2,4.69E+06,41736,HUMAN,P60709,"Actin, cytoplasmic 1",,2,11.02,82,1.54E+05,DLTDYLMK,499.7466
8,8.1,20,15,217.56,40.2,4.69E+06,41736,HUMAN,P60709,"Actin, cytoplasmic 1",,2,10.7,66,4.92E+04,AGFAGDDAPR,488.7287
8,8.1,20,15,217.56,40.2,4.69E+06,41736,HUMAN,P60709,"Actin, cytoplasmic 1",,2,10.27,89.1,1.33E+05,LDLAGR,322.6902
8,8.1,20,15,217.56,40.2,4.69E+06,41736,HUMAN,P60709,"Actin, cytoplasmic 1",,3,9.22,75,2.97E+04,IIAPPERK,462.289
8,8.1,20,15,217.56,40.2,4.69E+06,41736,HUMAN,P60709,"Actin, cytoplasmic 1",,2,7.93,84.8,3.86E+05,ILTER,316.1919
8,8.1,20,15,217.56,40.2,4.69E+06,41736,HUMAN,P60709,"Actin, cytoplasmic 1",,2,7.28,67.3,3.63E+05,GILTLK,644.4337
9,9.1,18,16,215.93,22.1,2.17E+06,84658.2,HUMAN,P07900,Heat shock protein HSP 90-alpha,,2,21.05,95.7,4.76E+05,ADLINNLGTIAK,621.8568
9,9.1,18,16,215.93,22.1,2.17E+06,84658.2,HUMAN,P07900,Heat shock protein HSP 90-alpha,,3,19.18,87.1,2.09E+05,SLTNDWEDHLAVK,509.9202
9,9.1,18,16,215.93,22.1,2.17E+06,84658.2,HUMAN,P07900,Heat shock protein HSP 90-alpha,,2,18.02,90.5,1.09E+05,ELISNSSDALDK,646.3238
9,9.1,18,16,215.93,22.1,2.17E+06,84658.2,HUMAN,P07900,Heat shock protein HSP 90-alpha,,3,16.3,76.8,9.37E+04,SLTNDWEDHLAVK,764.3757
9,9.1,18,16,215.93,22.1,2.17E+06,84658.2,HUMAN,P07900,Heat shock protein HSP 90-alpha,,4,14.95,87.1,2.18E+05,HLEINPDHSIIETLR,596.3201
9,9.1,18,16,215.93,22.1,2.17E+06,84658.2,HUMAN,P07900,Heat shock protein HSP 90-alpha,,2,14.72,92.1,1.00E+05,TLVSVTK,374.2343
9,9.1,18,16,215.93,22.1,2.17E+06,84658.2,HUMAN,P07900,Heat shock protein HSP 90-alpha,,2,14.19,90.5,7.07E+04,SLVSVTK,367.2254
9,9.1,18,16,215.93,22.1,2.17E+06,84658.2,HUMAN,P07900,Heat shock protein HSP 90-alpha,,2,13.85,83.9,3.08E+04,DQVANSAFVER,618.3047
9,9.1,18,16,215.93,22.1,2.17E+06,84658.2,HUMAN,P07900,Heat shock protein HSP 90-alpha,,3,13.51,76.5,4.96E+04,HIYYITGETK,612.8158
9,9.1,18,16,215.93,22.1,2.17E+06,84658.2,HUMAN,P07900,Heat shock protein HSP 90-alpha,,2,13.42,81,1.31E+05,GVVDSEDLPLNISR,505.2676
9,9.1,18,16,215.93,22.1,2.17E+06,84658.2,HUMAN,P07900,Heat shock protein HSP 90-alpha,,4,12.95,65.9,2.73E+04,EGLELPEDEEEKKK,558.2833
9,9.1,18,16,215.93,22.1,2.17E+06,84658.2,HUMAN,P07900,Heat shock protein HSP 90-alpha,,2,12.55,77.1,5.34E+04,EDQTEYLEER,656.2891
9,9.1,18,16,215.93,22.1,2.17E+06,84658.2,HUMAN,P07900,Heat shock protein HSP 90-alpha,,4,12.4,77.1,2.18E+05,HLEINPDHSIIETLR,596.3202
9,9.1,18,16,215.93,22.1,2.17E+06,84658.2,HUMAN,P07900,Heat shock protein HSP 90-alpha,,2,11.97,82.1,5.67E+04,EGLELPEDEEEK,708.8227
9,9.1,18,16,215.93,22.1,2.17E+06,84658.2,HUMAN,P07900,Heat shock protein HSP 90-alpha,,2,10.69,67.7,4.96E+04,TLTIVDTGIGMTK,675.3698
9,9.1,18,16,215.93,22.1,2.17E+06,84658.2,HUMAN,P07900,Heat shock protein HSP 90-alpha,,2,10.42,86,1.53E+05,LSELLR,365.7264
9,9.1,18,16,215.93,22.1,2.17E+06,84658.2,HUMAN,P07900,Heat shock protein HSP 90-alpha,,3,10.29,77.5,6.87E+04,VILHLK,361.7498
9,9.1,18,16,215.93,22.1,2.17E+06,84658.2,HUMAN,P07900,Heat shock protein HSP 90-alpha,,2,9.3,74.9,4.25E+04,VTVITK,330.7178
9,9.1,18,16,215.93,22.1,2.17E+06,84658.2,HUMAN,P07900,Heat shock protein HSP 90-alpha,,4,9.06,60.1,8.84E+04,ELHINLIPNKQDR,530.6321
9,9.2,17,15,205.49,20.5,2.03E+06,83262.7,HUMAN,P08238,Heat shock protein HSP 90-beta,,2,21.05,95.7,4.76E+05,ADLINNLGTIAK,621.8568
9,9.2,17,15,205.49,20.5,2.03E+06,83262.7,HUMAN,P08238,Heat shock protein HSP 90-beta,,3,19.18,87.1,2.09E+05,SLTNDWEDHLAVK,509.9202
9,9.2,17,15,205.49,20.5,2.03E+06,83262.7,HUMAN,P08238,Heat shock protein HSP 90-beta,,3,16.3,76.8,9.37E+04,SLTNDWEDHLAVK,764.3757
9,9.2,17,15,205.49,20.5,2.03E+06,83262.7,HUMAN,P08238,Heat shock protein HSP 90-beta,,4,16.24,83.6,1.45E+05,HLEINPDHPIVETLR,594.9882
9,9.2,17,15,205.49,20.5,2.03E+06,83262.7,HUMAN,P08238,Heat shock protein HSP 90-beta,,2,15.18,91.1,1.49E+05,IDIIPNPQER,597.828
9,9.2,17,15,205.49,20.5,2.03E+06,83262.7,HUMAN,P08238,Heat shock protein HSP 90-beta,,2,14.23,82.6,2.24E+05,ELISNASDALDK,638.326
9,9.2,17,15,205.49,20.5,2.03E+06,83262.7,HUMAN,P08238,Heat shock protein HSP 90-beta,,2,14.19,90.5,7.07E+04,SLVSVTK,367.2254
9,9.2,17,15,205.49,20.5,2.03E+06,83262.7,HUMAN,P08238,Heat shock protein HSP 90-beta,,2,13.42,81,1.31E+05,GVVDSEDLPLNISR,505.2676
9,9.2,17,15,205.49,20.5,2.03E+06,83262.7,HUMAN,P08238,Heat shock protein HSP 90-beta,,4,12.95,65.9,2.73E+04,EGLELPEDEEEKKK,558.2833
9,9.2,17,15,205.49,20.5,2.03E+06,83262.7,HUMAN,P08238,Heat shock protein HSP 90-beta,,2,12.55,77.1,5.34E+04,EDQTEYLEER,656.2891
9,9.2,17,15,205.49,20.5,2.03E+06,83262.7,HUMAN,P08238,Heat shock protein HSP 90-beta,,2,12.22,78.3,2.99E+04,EQVANSAFVER,625.3176
9,9.2,17,15,205.49,20.5,2.03E+06,83262.7,HUMAN,P08238,Heat shock protein HSP 90-beta,,2,11.97,82.1,5.67E+04,EGLELPEDEEEK,708.8227
9,9.2,17,15,205.49,20.5,2.03E+06,83262.7,HUMAN,P08238,Heat shock protein HSP 90-beta,,2,10.91,81.6,5.44E+04,VVVITK,329.7282
9,9.2,17,15,205.49,20.5,2.03E+06,83262.7,HUMAN,P08238,Heat shock protein HSP 90-beta,,2,10.69,67.7,4.96E+04,TLTLVDTGIGMTK,675.3698
9,9.2,17,15,205.49,20.5,2.03E+06,83262.7,HUMAN,P08238,Heat shock protein HSP 90-beta,,2,10.42,86,1.53E+05,LSELLR,365.7264
9,9.2,17,15,205.49,20.5,2.03E+06,83262.7,HUMAN,P08238,Heat shock protein HSP 90-beta,,3,10.29,77.5,6.87E+04,VILHLK,361.7498
9,9.2,17,15,205.49,20.5,2.03E+06,83262.7,HUMAN,P08238,Heat shock protein HSP 90-beta,,2,8.04,61.9,3.76E+04,VVVITK,658.4479
9,9.3,2,2,33.3,3.2,3.04E+05,92467.2,HUMAN,P14625,Endoplasmin,,2,19.07,89.9,7.92E+04,GVVDSDDLPLNVSR,743.3854
9,9.3,2,2,33.3,3.2,3.04E+05,92467.2,HUMAN,P14625,Endoplasmin,,2,14.23,82.6,2.24E+05,ELISNASDALDK,638.326
10,10.1,27,15,209.2,43.5,6.33E+06,46735.7,HUMAN,P01009,Alpha-1-antitrypsin,,2,25.52,94,3.46E+05,VFSNGADLSGVTEEAPLK,917.4652
10,10.1,27,15,209.2,43.5,6.33E+06,46735.7,HUMAN,P01009,Alpha-1-antitrypsin,,4,22.06,90.3,4.24E+05,LQHLENELTHDIITK,451.7475
10,10.1,27,15,209.2,43.5,6.33E+06,46735.7,HUMAN,P01009,Alpha-1-antitrypsin,,2,20.73,88.9,3.46E+05,VFSNGADLSGVTEEAPLK,917.4652
10,10.1,27,15,209.2,43.5,6.33E+06,46735.7,HUMAN,P01009,Alpha-1-antitrypsin,,2,19.9,97.3,3.16E+05,LSITGTYDLK,555.8056
10,10.1,27,15,209.2,43.5,6.33E+06,46735.7,HUMAN,P01009,Alpha-1-antitrypsin,,2,17.1,91.1,7.37E+03,LSITGTYDLK,555.8075
10,10.1,27,15,209.2,43.5,6.33E+06,46735.7,HUMAN,P01009,Alpha-1-antitrypsin,,3,17.02,84.7,1.48E+04,DTEEEDFHVDQVTTVK,631.2932
10,10.1,27,15,209.2,43.5,6.33E+06,46735.7,HUMAN,P01009,Alpha-1-antitrypsin,,2,16.9,92.8,9.29E+05,SVLGQLGITK,508.3109
10,10.1,27,15,209.2,43.5,6.33E+06,46735.7,HUMAN,P01009,Alpha-1-antitrypsin,,2,15.77,94.4,3.91E+05,AVLTIDEK,444.7557
10,10.1,27,15,209.2,43.5,6.33E+06,46735.7,HUMAN,P01009,Alpha-1-antitrypsin,,4,15.64,81.6,4.40E+05,LQHLENELTHDIITK,601.9924
10,10.1,27,15,209.2,43.5,6.33E+06,46735.7,HUMAN,P01009,Alpha-1-antitrypsin,,3,14.59,82.3,7.30E+04,DTEEEDFHVDQVTTVK,631.2946
10,10.1,27,15,209.2,43.5,6.33E+06,46735.7,HUMAN,P01009,Alpha-1-antitrypsin,,3,13.81,69.3,1.48E+04,DTEEEDFHVDQVTTVK,631.2932
10,10.1,27,15,209.2,43.5,6.33E+06,46735.7,HUMAN,P01009,Alpha-1-antitrypsin,,4,12.8,69.2,4.24E+05,LQHLENELTHDIITK,451.7475
10,10.1,27,15,209.2,43.5,6.33E+06,46735.7,HUMAN,P01009,Alpha-1-antitrypsin,,2,12.76,77.8,6.52E+04,QINDYVEK,504.7534
10,10.1,27,15,209.2,43.5,6.33E+06,46735.7,HUMAN,P01009,Alpha-1-antitrypsin,,3,12.59,80.7,5.35E+04,FLEDVKK,439.7534
10,10.1,27,15,209.2,43.5,6.33E+06,46735.7,HUMAN,P01009,Alpha-1-antitrypsin,,2,11.87,92,7.50E+05,IVDLVK,343.726
10,10.1,27,15,209.2,43.5,6.33E+06,46735.7,HUMAN,P01009,Alpha-1-antitrypsin,,4,11.86,67.4,1.58E+05,LQHLENELTHDIITK,902.483
10,10.1,27,15,209.2,43.5,6.33E+06,46735.7,HUMAN,P01009,Alpha-1-antitrypsin,,2,11.86,71.1,9.22E+04,VFSNGADLSGVTEEAPLK,611.9796
10,10.1,27,15,209.2,43.5,6.33E+06,46735.7,HUMAN,P01009,Alpha-1-antitrypsin,,4,11.37,64.5,4.40E+05,LQHLENELTHDIITK,601.9924
10,10.1,27,15,209.2,43.5,6.33E+06,46735.7,HUMAN,P01009,Alpha-1-antitrypsin,,4,10.84,64.8,6.02E+03,LYHSEAFTVNFGDTEEAKK,547.2664
10,10.1,27,15,209.2,43.5,6.33E+06,46735.7,HUMAN,P01009,Alpha-1-antitrypsin,,4,9.55,69.1,1.58E+05,LQHLENELTHDIITK,902.483
10,10.1,27,15,209.2,43.5,6.33E+06,46735.7,HUMAN,P01009,Alpha-1-antitrypsin,,2,9.45,71.2,2.23E+05,IVDLVK,686.444
10,10.1,27,15,209.2,43.5,6.33E+06,46735.7,HUMAN,P01009,Alpha-1-antitrypsin,,3,9.4,68.3,6.30E+04,SASLHLPK,426.7508
10,10.1,27,15,209.2,43.5,6.33E+06,46735.7,HUMAN,P01009,Alpha-1-antitrypsin,,3,8.96,67.3,2.65E+05,FNKPFVFLMIEQNTK,619.3329
10,10.1,27,15,209.2,43.5,6.33E+06,46735.7,HUMAN,P01009,Alpha-1-antitrypsin,,3,8.83,78.6,4.71E+04,FLENEDRR,360.182
10,10.1,27,15,209.2,43.5,6.33E+06,46735.7,HUMAN,P01009,Alpha-1-antitrypsin,,2,8.81,67.4,7.47E+03,TLNQPDSQLQLTTGNGLFLSEGLK,858.7921
10,10.1,27,15,209.2,43.5,6.33E+06,46735.7,HUMAN,P01009,Alpha-1-antitrypsin,,2,8.68,67.7,2.23E+05,IVDLVK,686.444
10,10.1,27,15,209.2,43.5,6.33E+06,46735.7,HUMAN,P01009,Alpha-1-antitrypsin,,4,7.97,61.4,5.28E+04,GKWERPFEVK,425.8997
10,10.2,25,15,205.61,43.5,6.24E+06,46707.6,HUMAN,A0A024R6I7,Alpha-1-antitrypsin,,2,25.52,94,3.46E+05,VFSNGADLSGVTEEAPLK,917.4652
10,10.2,25,15,205.61,43.5,6.24E+06,46707.6,HUMAN,A0A024R6I7,Alpha-1-antitrypsin,,4,22.06,90.3,4.24E+05,LQHLENELTHDIITK,451.7475
10,10.2,25,15,205.61,43.5,6.24E+06,46707.6,HUMAN,A0A024R6I7,Alpha-1-antitrypsin,,2,20.73,88.9,3.46E+05,VFSNGADLSGVTEEAPLK,917.4652
10,10.2,25,15,205.61,43.5,6.24E+06,46707.6,HUMAN,A0A024R6I7,Alpha-1-antitrypsin,,2,19.9,97.3,3.16E+05,LSITGTYDLK,555.8056
10,10.2,25,15,205.61,43.5,6.24E+06,46707.6,HUMAN,A0A024R6I7,Alpha-1-antitrypsin,,2,17.1,91.1,7.37E+03,LSITGTYDLK,555.8075
10,10.2,25,15,205.61,43.5,6.24E+06,46707.6,HUMAN,A0A024R6I7,Alpha-1-antitrypsin,,2,16.9,92.8,9.29E+05,SVLGQLGITK,508.3109
10,10.2,25,15,205.61,43.5,6.24E+06,46707.6,HUMAN,A0A024R6I7,Alpha-1-antitrypsin,,2,15.77,94.4,3.91E+05,AVLTIDEK,444.7557
10,10.2,25,15,205.61,43.5,6.24E+06,46707.6,HUMAN,A0A024R6I7,Alpha-1-antitrypsin,,4,15.64,81.6,4.40E+05,LQHLENELTHDIITK,601.9924
10,10.2,25,15,205.61,43.5,6.24E+06,46707.6,HUMAN,A0A024R6I7,Alpha-1-antitrypsin,,3,13.43,82.3,1.26E+04,DTEEEDFHVDQATTVK,621.9507
10,10.2,25,15,205.61,43.5,6.24E+06,46707.6,HUMAN,A0A024R6I7,Alpha-1-antitrypsin,,4,12.8,69.2,4.24E+05,LQHLENELTHDIITK,451.7475
10,10.2,25,15,205.61,43.5,6.24E+06,46707.6,HUMAN,A0A024R6I7,Alpha-1-antitrypsin,,2,12.76,77.8,6.52E+04,QINDYVEK,504.7534
10,10.2,25,15,205.61,43.5,6.24E+06,46707.6,HUMAN,A0A024R6I7,Alpha-1-antitrypsin,,3,12.59,80.7,5.35E+04,FLEDVKK,439.7534
10,10.2,25,15,205.61,43.5,6.24E+06,46707.6,HUMAN,A0A024R6I7,Alpha-1-antitrypsin,,2,11.87,92,7.50E+05,IVDLVK,343.726
10,10.2,25,15,205.61,43.5,6.24E+06,46707.6,HUMAN,A0A024R6I7,Alpha-1-antitrypsin,,4,11.86,67.4,1.58E+05,LQHLENELTHDIITK,902.483
10,10.2,25,15,205.61,43.5,6.24E+06,46707.6,HUMAN,A0A024R6I7,Alpha-1-antitrypsin,,2,11.86,71.1,9.22E+04,VFSNGADLSGVTEEAPLK,611.9796
10,10.2,25,15,205.61,43.5,6.24E+06,46707.6,HUMAN,A0A024R6I7,Alpha-1-antitrypsin,,4,11.37,64.5,4.40E+05,LQHLENELTHDIITK,601.9924
10,10.2,25,15,205.61,43.5,6.24E+06,46707.6,HUMAN,A0A024R6I7,Alpha-1-antitrypsin,,4,10.84,64.8,6.02E+03,LYHSEAFTVNFGDTEEAKK,547.2664
10,10.2,25,15,205.61,43.5,6.24E+06,46707.6,HUMAN,A0A024R6I7,Alpha-1-antitrypsin,,4,9.55,69.1,1.58E+05,LQHLENELTHDIITK,902.483
10,10.2,25,15,205.61,43.5,6.24E+06,46707.6,HUMAN,A0A024R6I7,Alpha-1-antitrypsin,,2,9.45,71.2,2.23E+05,IVDLVK,686.444
10,10.2,25,15,205.61,43.5,6.24E+06,46707.6,HUMAN,A0A024R6I7,Alpha-1-antitrypsin,,3,9.4,68.3,6.30E+04,SASLHLPK,426.7508
10,10.2,25,15,205.61,43.5,6.24E+06,46707.6,HUMAN,A0A024R6I7,Alpha-1-antitrypsin,,3,8.96,67.3,2.65E+05,FNKPFVFLMIEQNTK,619.3329
10,10.2,25,15,205.61,43.5,6.24E+06,46707.6,HUMAN,A0A024R6I7,Alpha-1-antitrypsin,,3,8.83,78.6,4.71E+04,FLENEDRR,360.182
10,10.2,25,15,205.61,43.5,6.24E+06,46707.6,HUMAN,A0A024R6I7,Alpha-1-antitrypsin,,2,8.81,67.4,7.47E+03,TLNQPDSQLQLTTGNGLFLSEGLK,858.7921
10,10.2,25,15,205.61,43.5,6.24E+06,46707.6,HUMAN,A0A024R6I7,Alpha-1-antitrypsin,,2,8.68,67.7,2.23E+05,IVDLVK,686.444
10,10.2,25,15,205.61,43.5,6.24E+06,46707.6,HUMAN,A0A024R6I7,Alpha-1-antitrypsin,,4,7.97,61.4,5.28E+04,GKWERPFEVK,425.8997
11,11.1,14,12,159.33,5.9,1.40E+06,262620,HUMAN,P02751,Fibronectin,,2,18.88,90.7,1.30E+05,GLAFTDVDVDSIK,690.3609
11,11.1,14,12,159.33,5.9,1.40E+06,262620,HUMAN,P02751,Fibronectin,,3,18.09,78.6,3.53E+04,GDSPASSKPISINYR,531.2758
11,11.1,14,12,159.33,5.9,1.40E+06,262620,HUMAN,P02751,Fibronectin,,2,16.81,88.5,1.15E+05,SYTITGLQPGTDYK,772.3872
11,11.1,14,12,159.33,5.9,1.40E+06,262620,HUMAN,P02751,Fibronectin,,2,16.67,91,2.00E+05,NLQPASEYTVSLVAIK,866.9768
11,11.1,14,12,159.33,5.9,1.40E+06,262620,HUMAN,P02751,Fibronectin,,2,15.07,83.8,4.40E+04,STTPDITGYR,555.7759
11,11.1,14,12,159.33,5.9,1.40E+06,262620,HUMAN,P02751,Fibronectin,,2,14.75,76.8,7.64E+04,IYLYTLNDNAR,678.3499
11,11.1,14,12,159.33,5.9,1.40E+06,262620,HUMAN,P02751,Fibronectin,,2,13.86,70.2,1.37E+05,SSPVVIDASTAIDAPSNLR,957.0033
11,11.1,14,12,159.33,5.9,1.40E+06,262620,HUMAN,P02751,Fibronectin,,3,12.73,61.3,1.11E+05,VDVIPVNLPGEHGQR,543.9623
11,11.1,14,12,159.33,5.9,1.40E+06,262620,HUMAN,P02751,Fibronectin,,3,12.5,81.7,1.11E+05,VDVIPVNLPGEHGQR,543.9618
11,11.1,14,12,159.33,5.9,1.40E+06,262620,HUMAN,P02751,Fibronectin,,2,10.57,65.3,5.94E+04,YEVSVYALK,536.2921
11,11.1,14,12,159.33,5.9,1.40E+06,262620,HUMAN,P02751,Fibronectin,,2,9.15,78.8,1.83E+05,LTVGLTR,380.234
11,11.1,14,12,159.33,5.9,1.40E+06,262620,HUMAN,P02751,Fibronectin,,2,7.97,61.2,7.64E+04,IYLYTLNDNAR,678.3499
11,11.1,14,12,159.33,5.9,1.40E+06,262620,HUMAN,P02751,Fibronectin,,2,6.52,71.9,7.61E+04,IGDTWR,374.1927
11,11.1,14,12,159.33,5.9,1.40E+06,262620,HUMAN,P02751,Fibronectin,,2,6.23,65.2,4.23E+04,IGDTWSK,403.7056
12,12.1,13,12,155.99,26.7,1.31E+06,54860.9,HUMAN,P00352,Retinal dehydrogenase 1,,4,18.3,90.1,1.92E+05,KFPVFNPATEEELcQVEEGDKEDVDK,763.8588
12,12.1,13,12,155.99,26.7,1.31E+06,54860.9,HUMAN,P00352,Retinal dehydrogenase 1,,2,17.38,87.4,7.57E+03,IFVEESIYDEFVR,823.412
12,12.1,13,12,155.99,26.7,1.31E+06,54860.9,HUMAN,P00352,Retinal dehydrogenase 1,,3,16.99,87.5,5.53E+04,IFINNEWHDSVSGK,549.2719
12,12.1,13,12,155.99,26.7,1.31E+06,54860.9,HUMAN,P00352,Retinal dehydrogenase 1,,3,13.99,82.6,4.12E+04,SLDDVIKR,315.8506
12,12.1,13,12,155.99,26.7,1.31E+06,54860.9,HUMAN,P00352,Retinal dehydrogenase 1,,2,13.43,77.7,2.72E+04,VAFTGSTEVGK,548.2886
12,12.1,13,12,155.99,26.7,1.31E+06,54860.9,HUMAN,P00352,Retinal dehydrogenase 1,,2,13.33,75.4,2.59E+05,IFVEESIYDEFVR,823.411
12,12.1,13,12,155.99,26.7,1.31E+06,54860.9,HUMAN,P00352,Retinal dehydrogenase 1,,3,12.97,78,8.44E+04,ILDLIESGKK,558.3365
12,12.1,13,12,155.99,26.7,1.31E+06,54860.9,HUMAN,P00352,Retinal dehydrogenase 1,,2,12.51,85.4,6.05E+04,SLDDVIK,395.223
12,12.1,13,12,155.99,26.7,1.31E+06,54860.9,HUMAN,P00352,Retinal dehydrogenase 1,,3,12.48,79.5,4.69E+04,YILGNPLTPGVTQGPQIDKEQYDK,892.1299
12,12.1,13,12,155.99,26.7,1.31E+06,54860.9,HUMAN,P00352,Retinal dehydrogenase 1,,2,11.94,77.8,1.32E+05,ILDLIESGK,494.289
12,12.1,13,12,155.99,26.7,1.31E+06,54860.9,HUMAN,P00352,Retinal dehydrogenase 1,,2,10,77.5,1.41E+05,TIPIDGNFFTYTR,772.8904
12,12.1,13,12,155.99,26.7,1.31E+06,54860.9,HUMAN,P00352,Retinal dehydrogenase 1,,2,8.32,69.7,7.60E+04,VTLELGGK,408.745
12,12.1,13,12,155.99,26.7,1.31E+06,54860.9,HUMAN,P00352,Retinal dehydrogenase 1,,2,7.68,82.4,1.90E+05,LADLIER,415.2449
13,13.1,14,12,141.72,19.6,1.27E+06,68804.6,HUMAN,E9PKE3,Heat shock cognate 71 kDa protein,,2,18.79,91,9.04E+04,VEIIANDQGNR,614.8173
13,13.1,14,12,141.72,19.6,1.27E+06,68804.6,HUMAN,E9PKE3,Heat shock cognate 71 kDa protein,,2,15.7,86.5,1.23E+05,FEELNADLFR,627.3123
13,13.1,14,12,141.72,19.6,1.27E+06,68804.6,HUMAN,E9PKE3,Heat shock cognate 71 kDa protein,,3,14.98,85.1,2.50E+05,IINEPTAAAIAYGLDKK,596.6678
13,13.1,14,12,141.72,19.6,1.27E+06,68804.6,HUMAN,E9PKE3,Heat shock cognate 71 kDa protein,,2,14.23,70.9,5.35E+04,TTPSYVAFTDTER,744.358
13,13.1,14,12,141.72,19.6,1.27E+06,68804.6,HUMAN,E9PKE3,Heat shock cognate 71 kDa protein,,3,12.52,82.8,6.23E+04,SQIHDIVLVGGSTR,494.6075
13,13.1,14,12,141.72,19.6,1.27E+06,68804.6,HUMAN,E9PKE3,Heat shock cognate 71 kDa protein,,2,12.24,78.7,1.69E+05,DAGTIAGLNVLR,600.3409
13,13.1,14,12,141.72,19.6,1.27E+06,68804.6,HUMAN,E9PKE3,Heat shock cognate 71 kDa protein,,2,10.91,65.9,4.92E+04,VcNPIITK,472.7651
13,13.1,14,12,141.72,19.6,1.27E+06,68804.6,HUMAN,E9PKE3,Heat shock cognate 71 kDa protein,,2,10.4,79.4,5.55E+04,LLQDFFNGK,541.2853
13,13.1,14,12,141.72,19.6,1.27E+06,68804.6,HUMAN,E9PKE3,Heat shock cognate 71 kDa protein,,2,9.1,70.4,4.81E+04,DNNLLGK,387.2139
13,13.1,14,12,141.72,19.6,1.27E+06,68804.6,HUMAN,E9PKE3,Heat shock cognate 71 kDa protein,,3,8.99,61,4.36E+04,SQIHDIVLVGGSTR,741.4077
13,13.1,14,12,141.72,19.6,1.27E+06,68804.6,HUMAN,E9PKE3,Heat shock cognate 71 kDa protein,,2,8.44,70,3.57E+04,GTLDPVEK,429.7327
13,13.1,14,12,141.72,19.6,1.27E+06,68804.6,HUMAN,E9PKE3,Heat shock cognate 71 kDa protein,,2,8.15,63.4,1.69E+05,DAGTIAGLNVLR,600.3409
13,13.1,14,12,141.72,19.6,1.27E+06,68804.6,HUMAN,E9PKE3,Heat shock cognate 71 kDa protein,,2,7.64,72.8,3.34E+04,ITITNDK,402.7276
13,13.1,14,12,141.72,19.6,1.27E+06,68804.6,HUMAN,E9PKE3,Heat shock cognate 71 kDa protein,,2,6.77,79.8,8.25E+04,LIGDAAK,344.2057
14,14.1,14,9,134.92,24.6,3.20E+06,57729.2,HUMAN,F5H5D3,Tubulin alpha chain,,2,23.02,96.8,4.39E+05,LISQIVSSITASLR,744.4428
14,14.1,14,9,134.92,24.6,3.20E+06,57729.2,HUMAN,F5H5D3,Tubulin alpha chain,,2,18.42,90.1,3.19E+05,VGINYQPPTVVPGGDLAK,912.9961
14,14.1,14,9,134.92,24.6,3.20E+06,57729.2,HUMAN,F5H5D3,Tubulin alpha chain,,2,18.21,84.1,1.91E+05,TIGGGDDSFNTFFSETGAGK,1004.4501
14,14.1,14,9,134.92,24.6,3.20E+06,57729.2,HUMAN,F5H5D3,Tubulin alpha chain,,2,17.76,89.5,2.50E+04,LISQIVSSITASLR,744.4442
14,14.1,14,9,134.92,24.6,3.20E+06,57729.2,HUMAN,F5H5D3,Tubulin alpha chain,,2,17.08,86.7,2.50E+04,LISQIVSSITASLR,744.4442
14,14.1,14,9,134.92,24.6,3.20E+06,57729.2,HUMAN,F5H5D3,Tubulin alpha chain,,2,16.81,87.7,7.19E+05,AVFVDLEPTVIDEVR,851.4569
14,14.1,14,9,134.92,24.6,3.20E+06,57729.2,HUMAN,F5H5D3,Tubulin alpha chain,,2,14.07,72.5,1.94E+05,qLFHPEQLITGK,697.3781
14,14.1,14,9,134.92,24.6,3.20E+06,57729.2,HUMAN,F5H5D3,Tubulin alpha chain,,2,13.65,87.2,2.54E+05,DVNAAIATIK,508.293
14,14.1,14,9,134.92,24.6,3.20E+06,57729.2,HUMAN,F5H5D3,Tubulin alpha chain,,3,11.46,69.8,2.66E+05,IHFPLATYAPVISAEK,586.327
14,14.1,14,9,134.92,24.6,3.20E+06,57729.2,HUMAN,F5H5D3,Tubulin alpha chain,,2,11.18,68.2,3.46E+03,AVFVDLEPTVIDEVR,851.4588
14,14.1,14,9,134.92,24.6,3.20E+06,57729.2,HUMAN,F5H5D3,Tubulin alpha chain,,3,9.89,75.3,2.93E+05,NLDIERPTYTNLNR,573.6319
14,14.1,14,9,134.92,24.6,3.20E+06,57729.2,HUMAN,F5H5D3,Tubulin alpha chain,,2,9.39,67.8,1.83E+04,EIIDLVLDR,543.3129
14,14.1,14,9,134.92,24.6,3.20E+06,57729.2,HUMAN,F5H5D3,Tubulin alpha chain,,2,8.43,73.2,2.24E+05,DVNAAIATIK,1015.5781
14,14.1,14,9,134.92,24.6,3.20E+06,57729.2,HUMAN,F5H5D3,Tubulin alpha chain,,2,6.38,67.7,2.24E+05,DVNAAIATIK,1015.5781
15,15.1,11,9,118.91,28.7,9.13E+05,36153.5,HUMAN,P02649,Apolipoprotein E,,2,18.19,88.7,1.38E+05,SELEEQLTPVAEETR,865.9258
15,15.1,11,9,118.91,28.7,9.13E+05,36153.5,HUMAN,P02649,Apolipoprotein E,,2,17.78,94.2,1.69E+05,LGPLVEQGR,484.7803
15,15.1,11,9,118.91,28.7,9.13E+05,36153.5,HUMAN,P02649,Apolipoprotein E,,2,16.16,72.7,2.64E+04,GEVQAMLGQSTEELR,824.4092
15,15.1,11,9,118.91,28.7,9.13E+05,36153.5,HUMAN,P02649,Apolipoprotein E,,2,15.15,80.9,3.34E+04,VQAAVGTSAAPVPSDNH,810.9039
15,15.1,11,9,118.91,28.7,9.13E+05,36153.5,HUMAN,P02649,Apolipoprotein E,,3,12.21,67.6,2.68E+04,AKLEEQAQQIR,657.3679
15,15.1,11,9,118.91,28.7,9.13E+05,36153.5,HUMAN,P02649,Apolipoprotein E,,2,11.05,66.6,1.86E+04,LEEQAQQIR,557.7971
15,15.1,11,9,118.91,28.7,9.13E+05,36153.5,HUMAN,P02649,Apolipoprotein E,,2,10.42,71.2,1.38E+05,LQAEAFQAR,517.2789
15,15.1,11,9,118.91,28.7,9.13E+05,36153.5,HUMAN,P02649,Apolipoprotein E,,2,9.79,63.3,1.38E+05,SELEEQLTPVAEETR,865.9258
15,15.1,11,9,118.91,28.7,9.13E+05,36153.5,HUMAN,P02649,Apolipoprotein E,,2,9.23,70.1,4.70E+04,QWAGLVEK,930.5043
15,15.1,11,9,118.91,28.7,9.13E+05,36153.5,HUMAN,P02649,Apolipoprotein E,,2,9.13,65,8.59E+04,QWAGLVEK,465.7569
15,15.1,11,9,118.91,28.7,9.13E+05,36153.5,HUMAN,P02649,Apolipoprotein E,,2,8.72,67.2,9.24E+04,WELALGR,422.7376
16,16.1,10,8,113.38,23.9,1.01E+06,47168.1,HUMAN,P06733,Alpha-enolase,,2,20.3,91.1,1.30E+05,AAVPSGASTGIYEALELR,902.9752
16,16.1,10,8,113.38,23.9,1.01E+06,47168.1,HUMAN,P06733,Alpha-enolase,,2,18.25,92.1,1.18E+05,YISPDQLADLYK,713.3664
16,16.1,10,8,113.38,23.9,1.01E+06,47168.1,HUMAN,P06733,Alpha-enolase,,2,17.65,83.5,1.66E+05,GNPTVEVDLFTSK,703.8616
16,16.1,10,8,113.38,23.9,1.01E+06,47168.1,HUMAN,P06733,Alpha-enolase,,2,14.47,92.6,1.07E+05,TIAPALVSK,450.2817
16,16.1,10,8,113.38,23.9,1.01E+06,47168.1,HUMAN,P06733,Alpha-enolase,,2,11.9,74.1,1.18E+05,YISPDQLADLYK,713.3664
16,16.1,10,8,113.38,23.9,1.01E+06,47168.1,HUMAN,P06733,Alpha-enolase,,2,11.86,72.4,9.27E+04,VNQIGSVTESLQAcK,817.4151
16,16.1,10,8,113.38,23.9,1.01E+06,47168.1,HUMAN,P06733,Alpha-enolase,,2,11.43,70.9,7.70E+03,SGETEDTFIADLVVGLcTGQIK,785.0583
16,16.1,10,8,113.38,23.9,1.01E+06,47168.1,HUMAN,P06733,Alpha-enolase,,2,10.34,80.6,9.78E+04,EGLELLK,401.241
16,16.1,10,8,113.38,23.9,1.01E+06,47168.1,HUMAN,P06733,Alpha-enolase,,2,9.08,74.5,2.40E+04,IEEELGSK,452.7345
16,16.1,10,8,113.38,23.9,1.01E+06,47168.1,HUMAN,P06733,Alpha-enolase,,2,6.48,61.1,1.53E+05,TIAPALVSK,899.5555
17,17.1,11,8,105.53,13.7,1.61E+06,69225.4,HUMAN,A0A0C4DGB6,Serum albumin,,3,21.41,94.8,5.89E+05,VFDEFKPLVEEPQNLIK,682.371
17,17.1,11,8,105.53,13.7,1.61E+06,69225.4,HUMAN,A0A0C4DGB6,Serum albumin,,2,17.66,86.5,1.52E+05,LVNEVTEFAK,575.3116
17,17.1,11,8,105.53,13.7,1.61E+06,69225.4,HUMAN,A0A0C4DGB6,Serum albumin,,2,14.62,73.5,7.66E+04,FQNALLVR,480.7854
17,17.1,11,8,105.53,13.7,1.61E+06,69225.4,HUMAN,A0A0C4DGB6,Serum albumin,,2,14.18,86,1.50E+05,QTALVELVK,500.8052
17,17.1,11,8,105.53,13.7,1.61E+06,69225.4,HUMAN,A0A0C4DGB6,Serum albumin,,3,13.33,76.3,1.74E+05,KVPQVSTPTLVEVSR,547.3168
17,17.1,11,8,105.53,13.7,1.61E+06,69225.4,HUMAN,A0A0C4DGB6,Serum albumin,,3,12.3,69.1,1.02E+05,KVPQVSTPTLVEVSR,820.4719
17,17.1,11,8,105.53,13.7,1.61E+06,69225.4,HUMAN,A0A0C4DGB6,Serum albumin,,3,12.18,80.6,1.02E+05,KVPQVSTPTLVEVSR,820.4719
17,17.1,11,8,105.53,13.7,1.61E+06,69225.4,HUMAN,A0A0C4DGB6,Serum albumin,,2,8.66,73.1,1.52E+05,LVNEVTEFAK,575.3116
17,17.1,11,8,105.53,13.7,1.61E+06,69225.4,HUMAN,A0A0C4DGB6,Serum albumin,,2,8.57,60.9,4.46E+04,YLYEIAR,464.2499
17,17.1,11,8,105.53,13.7,1.61E+06,69225.4,HUMAN,A0A0C4DGB6,Serum albumin,,2,8,64.1,3.71E+04,LcTVATLR,467.2614
17,17.1,11,8,105.53,13.7,1.61E+06,69225.4,HUMAN,A0A0C4DGB6,Serum albumin,,3,7.76,69.9,3.32E+04,LDELRDEGK,358.8536
18,18.1,7,7,94.69,25.5,5.36E+05,39816.8,HUMAN,J3KPS3,Fructose-bisphosphate aldolase,,2,20.69,90.3,2.34E+05,GVVPLAGTNGETTTQGLDGLSER,1136.5709
18,18.1,7,7,94.69,25.5,5.36E+05,39816.8,HUMAN,J3KPS3,Fructose-bisphosphate aldolase,,2,15.3,82.1,3.15E+04,ALANSLAcQGK,566.7935
18,18.1,7,7,94.69,25.5,5.36E+05,39816.8,HUMAN,J3KPS3,Fructose-bisphosphate aldolase,,2,14.54,82.6,9.92E+04,GILAADESTGSIAK,666.8533
18,18.1,7,7,94.69,25.5,5.36E+05,39816.8,HUMAN,J3KPS3,Fructose-bisphosphate aldolase,,3,13.5,83.2,8.87E+04,ADDGRPFPQVIK,448.2442
18,18.1,7,7,94.69,25.5,5.36E+05,39816.8,HUMAN,J3KPS3,Fructose-bisphosphate aldolase,,2,10.89,67,3.65E+04,QLLLTADDR,522.7887
18,18.1,7,7,94.69,25.5,5.36E+05,39816.8,HUMAN,J3KPS3,Fructose-bisphosphate aldolase,,2,10.51,82.1,3.46E+04,GGVVGIK,315.2032
18,18.1,7,7,94.69,25.5,5.36E+05,39816.8,HUMAN,J3KPS3,Fructose-bisphosphate aldolase,,3,9.26,68.4,1.18E+04,VNPcIGGVILFHETLYQK,696.704
19,19.1,6,6,91.43,14.8,1.80E+06,54304.6,HUMAN,P04004,Vitronectin,,2,19.4,94.2,9.57E+05,DVWGIEGPIDAAFTR,823.9126
19,19.1,6,6,91.43,14.8,1.80E+06,54304.6,HUMAN,P04004,Vitronectin,,2,16.5,91.3,2.62E+05,FEDGVLDPDYPR,711.8325
19,19.1,6,6,91.43,14.8,1.80E+06,54304.6,HUMAN,P04004,Vitronectin,,2,15.17,82.4,3.39E+05,SIAQYWLGcPAPGHL,835.4114
19,19.1,6,6,91.43,14.8,1.80E+06,54304.6,HUMAN,P04004,Vitronectin,,2,14.1,74.5,1.13E+05,VDTVDPPYPR,579.7926
19,19.1,6,6,91.43,14.8,1.80E+06,54304.6,HUMAN,P04004,Vitronectin,,2,13.23,88.5,1.29E+05,TYLFK,336.1919
19,19.1,6,6,91.43,14.8,1.80E+06,54304.6,HUMAN,P04004,Vitronectin,,2,13.03,65,2.88E+03,DSWEDIFELLFWGR,906.9327
20,20.1,9,6,91.13,57.2,2.69E+06,11367.1,HUMAN,P62805,Histone H4,,2,17.98,90.1,4.56E+05,TVTAMDVVYALK,655.8557
20,20.1,9,6,91.13,57.2,2.69E+06,11367.1,HUMAN,P62805,Histone H4,,3,16.38,82.1,2.96E+04,DAVTYTEHAK,567.7748
20,20.1,9,6,91.13,57.2,2.69E+06,11367.1,HUMAN,P62805,Histone H4,,2,15.87,84.9,2.26E+05,ISGLIYEETR,590.8143
20,20.1,9,6,91.13,57.2,2.69E+06,11367.1,HUMAN,P62805,Histone H4,,2,14.92,80.1,8.90E+05,VFLENVIR,495.2843
20,20.1,9,6,91.13,57.2,2.69E+06,11367.1,HUMAN,P62805,Histone H4,,3,14.9,79.3,2.27E+05,DNIQGITKPAIR,442.59
20,20.1,9,6,91.13,57.2,2.69E+06,11367.1,HUMAN,P62805,Histone H4,,3,13.44,70.4,1.59E+05,DNIQGITKPAIR,663.3803
20,20.1,9,6,91.13,57.2,2.69E+06,11367.1,HUMAN,P62805,Histone H4,,1,11.08,79,2.37E+05,TLYGFGG,714.3435
20,20.1,9,6,91.13,57.2,2.69E+06,11367.1,HUMAN,P62805,Histone H4,,1,10.05,63.9,2.37E+05,TLYGFGG,714.3435
20,20.1,9,6,91.13,57.2,2.69E+06,11367.1,HUMAN,P62805,Histone H4,,3,9.68,69.7,2.27E+05,DNIQGITKPAIR,442.59
21,21.1,6,6,85.2,21.2,8.21E+05,36637.9,HUMAN,P07195,L-lactate dehydrogenase B chain,,2,22.09,90.8,1.75E+05,LIAPVAEEEATVPNNK,847.9515
21,21.1,6,6,85.2,21.2,8.21E+05,36637.9,HUMAN,P07195,L-lactate dehydrogenase B chain,,2,17.68,85.8,6.57E+04,VIGSGcNLDSAR,624.8036
21,21.1,6,6,85.2,21.2,8.21E+05,36637.9,HUMAN,P07195,L-lactate dehydrogenase B chain,,2,14.18,83.5,1.05E+05,IVVVTAGVR,457.2911
21,21.1,6,6,85.2,21.2,8.21E+05,36637.9,HUMAN,P07195,L-lactate dehydrogenase B chain,,2,12.35,84.2,1.16E+05,GLTSVINQK,480.2793
21,21.1,6,6,85.2,21.2,8.21E+05,36637.9,HUMAN,P07195,L-lactate dehydrogenase B chain,,2,10.6,71.6,7.41E+04,SADTLWDIQK,588.8006
21,21.1,6,6,85.2,21.2,8.21E+05,36637.9,HUMAN,P07195,L-lactate dehydrogenase B chain,,2,8.3,61.2,2.86E+05,SLADELALVDVLEDK,815.4338
21,21.2,4,4,50.6,12.6,2.19E+05,36688.1,HUMAN,P00338,L-lactate dehydrogenase A chain,,2,17.68,85.8,6.57E+04,VIGSGcNLDSAR,624.8036
21,21.2,4,4,50.6,12.6,2.19E+05,36688.1,HUMAN,P00338,L-lactate dehydrogenase A chain,,2,13.68,79.6,2.74E+04,SADTLWGIQK,559.7949
21,21.2,4,4,50.6,12.6,2.19E+05,36688.1,HUMAN,P00338,L-lactate dehydrogenase A chain,,2,10.87,81.5,6.35E+04,LVIITAGAR,457.2936
21,21.2,4,4,50.6,12.6,2.19E+05,36688.1,HUMAN,P00338,L-lactate dehydrogenase A chain,,2,8.37,64.2,6.21E+04,QVVESAYEVIK,632.8442
22,22.1,10,6,75.42,13.6,8.00E+05,50140,HUMAN,P68104,Elongation factor 1-alpha 1,,2,16.73,95.1,2.44E+05,IGGIGTVPVGR,513.3091
22,22.1,10,6,75.42,13.6,8.00E+05,50140,HUMAN,P68104,Elongation factor 1-alpha 1,,4,13.78,79.1,4.13E+03,THINIVVIGHVDSGK,397.9768
22,22.1,10,6,75.42,13.6,8.00E+05,50140,HUMAN,P68104,Elongation factor 1-alpha 1,,2,13.17,84.3,1.32E+05,QTVAVGVIK,457.7871
22,22.1,10,6,75.42,13.6,8.00E+05,50140,HUMAN,P68104,Elongation factor 1-alpha 1,,2,13.05,79,1.32E+05,QTVAVGVIK,457.7871
22,22.1,10,6,75.42,13.6,8.00E+05,50140,HUMAN,P68104,Elongation factor 1-alpha 1,,4,12.96,69.2,1.57E+04,THINIVVIGHVDSGK,530.2998
22,22.1,10,6,75.42,13.6,8.00E+05,50140,HUMAN,P68104,Elongation factor 1-alpha 1,,3,12.3,72.9,4.03E+04,STTTGHLIYK,560.8041
22,22.1,10,6,75.42,13.6,8.00E+05,50140,HUMAN,P68104,Elongation factor 1-alpha 1,,3,10.76,64.1,1.05E+05,EHALLAYTLGVK,438.9205
22,22.1,10,6,75.42,13.6,8.00E+05,50140,HUMAN,P68104,Elongation factor 1-alpha 1,,4,9.66,61.5,7.12E+04,THINIVVIGHVDSGK,530.3007
22,22.1,10,6,75.42,13.6,8.00E+05,50140,HUMAN,P68104,Elongation factor 1-alpha 1,,4,8.82,61.9,4.13E+03,THINIVVIGHVDSGK,397.9768
22,22.1,10,6,75.42,13.6,8.00E+05,50140,HUMAN,P68104,Elongation factor 1-alpha 1,,2,8.68,76.3,5.28E+04,YEEIVK,390.7101
23,23.1,6,4,74.01,11.1,1.92E+06,53153.2,HUMAN,P01019,Angiotensinogen,,2,22.38,96.3,5.56E+05,VLSALQAVQGLLVAQGR,862.0148
23,23.1,6,4,74.01,11.1,1.92E+06,53153.2,HUMAN,P01019,Angiotensinogen,,2,18.87,91.5,1.79E+05,ALQDQLVLVAAK,634.8827
23,23.1,6,4,74.01,11.1,1.92E+06,53153.2,HUMAN,P01019,Angiotensinogen,,2,18.79,91.6,2.75E+05,SLDFTELDVAAEK,719.3598
23,23.1,6,4,74.01,11.1,1.92E+06,53153.2,HUMAN,P01019,Angiotensinogen,,2,18.02,81.4,5.56E+05,VLSALQAVQGLLVAQGR,862.0148
23,23.1,6,4,74.01,11.1,1.92E+06,53153.2,HUMAN,P01019,Angiotensinogen,,2,14.86,81.8,1.79E+05,ALQDQLVLVAAK,634.8827
23,23.1,6,4,74.01,11.1,1.92E+06,53153.2,HUMAN,P01019,Angiotensinogen,,2,13.97,93.2,1.77E+05,DPTFIPAPIQAK,649.3608
24,24.1,6,6,73.2,15.3,5.53E+05,49896.9,HUMAN,B4DNK4,Pyruvate kinase,,2,17.47,87.7,1.82E+05,LDIDSPPITAR,599.3257
24,24.1,6,6,73.2,15.3,5.53E+05,49896.9,HUMAN,B4DNK4,Pyruvate kinase,,2,14.4,86.5,8.66E+04,NTGIIcTIGPASR,680.3563
24,24.1,6,6,73.2,15.3,5.53E+05,49896.9,HUMAN,B4DNK4,Pyruvate kinase,,2,13.21,74,8.96E+04,IYVDDGLISLQVK,731.9106
24,24.1,6,6,73.2,15.3,5.53E+05,49896.9,HUMAN,B4DNK4,Pyruvate kinase,,2,10.71,66.3,4.57E+03,LAPITSDPTEATAVGAVEASFK,1088.0651
24,24.1,6,6,73.2,15.3,5.53E+05,49896.9,HUMAN,B4DNK4,Pyruvate kinase,,1,9.57,85.8,8.71E+04,VVPVP,510.3279
24,24.1,6,6,73.2,15.3,5.53E+05,49896.9,HUMAN,B4DNK4,Pyruvate kinase,,2,7.84,61.2,1.03E+05,DIQDLK,366.2018
25,25.1,4,4,65.9,29,1.63E+06,23355.4,HUMAN,P09211,Glutathione S-transferase P,,3,20.56,89.9,2.56E+05,YISLIYTNYEAGKDDYVK,719.0249
25,25.1,4,4,65.9,29,1.63E+06,23355.4,HUMAN,P09211,Glutathione S-transferase P,,2,16.58,61.4,2.66E+05,FQDGDLTLYQSNTILR,942.4784
25,25.1,4,4,65.9,29,1.63E+06,23355.4,HUMAN,P09211,Glutathione S-transferase P,,3,14.52,80.8,9.97E+05,ALPGQLKPFETLLSQNQGGK,709.3923
25,25.1,4,4,65.9,29,1.63E+06,23355.4,HUMAN,P09211,Glutathione S-transferase P,,2,14.24,90.4,1.06E+05,TLGLYGK,376.2212
26,26.1,11,5,65.42,16.8,1.30E+06,39411.1,HUMAN,C9JV77,Alpha-2-HS-glycoprotein,,3,16.62,83.4,8.89E+04,EHAVEGDcDFQLLK,554.2611
26,26.1,11,5,65.42,16.8,1.30E+06,39411.1,HUMAN,C9JV77,Alpha-2-HS-glycoprotein,,3,16.22,81.2,6.36E+04,EHAVEGDcDFQLLK,830.8842
26,26.1,11,5,65.42,16.8,1.30E+06,39411.1,HUMAN,C9JV77,Alpha-2-HS-glycoprotein,,2,15.36,85.3,2.09E+04,AQLVPLPPSTYVEFTVSGTDcVAK,860.4403
26,26.1,11,5,65.42,16.8,1.30E+06,39411.1,HUMAN,C9JV77,Alpha-2-HS-glycoprotein,,2,14.12,71.1,1.74E+05,FSVVYAK,407.2277
26,26.1,11,5,65.42,16.8,1.30E+06,39411.1,HUMAN,C9JV77,Alpha-2-HS-glycoprotein,,3,12.39,76.5,2.92E+05,HTLNQIDEVK,598.8174
26,26.1,11,5,65.42,16.8,1.30E+06,39411.1,HUMAN,C9JV77,Alpha-2-HS-glycoprotein,,2,11.31,70.6,2.09E+04,AQLVPLPPSTYVEFTVSGTDcVAK,860.4403
26,26.1,11,5,65.42,16.8,1.30E+06,39411.1,HUMAN,C9JV77,Alpha-2-HS-glycoprotein,,2,10.04,72.9,2.17E+04,AQLVPLPPSTYVEFTVSGTDcVAK,1290.1586
26,26.1,11,5,65.42,16.8,1.30E+06,39411.1,HUMAN,C9JV77,Alpha-2-HS-glycoprotein,,2,9.04,76.6,2.17E+04,AQLVPLPPSTYVEFTVSGTDcVAK,1290.1586
26,26.1,11,5,65.42,16.8,1.30E+06,39411.1,HUMAN,C9JV77,Alpha-2-HS-glycoprotein,,3,8.71,61.7,2.92E+05,HTLNQIDEVK,598.8174
26,26.1,11,5,65.42,16.8,1.30E+06,39411.1,HUMAN,C9JV77,Alpha-2-HS-glycoprotein,,2,6.93,63.1,1.51E+05,cNLLAEK,424.2211
26,26.1,11,5,65.42,16.8,1.30E+06,39411.1,HUMAN,C9JV77,Alpha-2-HS-glycoprotein,,2,6.78,65.3,1.51E+05,cNLLAEK,424.2211
27,27.1,6,4,61.85,16.1,1.12E+06,36052.6,HUMAN,P04406,Glyceraldehyde-3-phosphate dehydrogenase,,2,19.6,84.1,3.39E+04,LVINGNPITIFQER,807.455
27,27.1,6,4,61.85,16.1,1.12E+06,36052.6,HUMAN,P04406,Glyceraldehyde-3-phosphate dehydrogenase,,2,19.38,84.1,1.83E+05,IISNAScTTNcLAPLAK,917.4617
27,27.1,6,4,61.85,16.1,1.12E+06,36052.6,HUMAN,P04406,Glyceraldehyde-3-phosphate dehydrogenase,,2,16.81,86.5,3.01E+05,LVINGNPITIFQER,807.455
27,27.1,6,4,61.85,16.1,1.12E+06,36052.6,HUMAN,P04406,Glyceraldehyde-3-phosphate dehydrogenase,,2,13.46,90.2,2.95E+05,GALQNIIPASTGAAK,706.3989
27,27.1,6,4,61.85,16.1,1.12E+06,36052.6,HUMAN,P04406,Glyceraldehyde-3-phosphate dehydrogenase,,2,13.26,71.5,1.83E+05,IISNAScTTNcLAPLAK,917.4617
27,27.1,6,4,61.85,16.1,1.12E+06,36052.6,HUMAN,P04406,Glyceraldehyde-3-phosphate dehydrogenase,,2,9.41,85.2,1.21E+05,VIPELNGK,435.2583
28,28.1,7,5,53.45,7.9,8.67E+05,65561.6,HUMAN,P51654,Glypican-3,,2,19.27,94.3,3.40E+05,WVPETPVPGSDLQVcLPK,1011.5218
28,28.1,7,5,53.45,7.9,8.67E+05,65561.6,HUMAN,P51654,Glypican-3,,2,12.86,73.8,1.90E+05,WVPETPVPGSDLQVcLPK,674.6863
28,28.1,7,5,53.45,7.9,8.67E+05,65561.6,HUMAN,P51654,Glypican-3,,2,10.03,79.5,6.29E+04,SLQVTR,352.2057
28,28.1,7,5,53.45,7.9,8.67E+05,65561.6,HUMAN,P51654,Glypican-3,,3,8.66,70.7,7.07E+04,HINQLLR,447.273
28,28.1,7,5,53.45,7.9,8.67E+05,65561.6,HUMAN,P51654,Glypican-3,,2,8.21,74.6,4.94E+04,LIMTQVSK,460.2711
28,28.1,7,5,53.45,7.9,8.67E+05,65561.6,HUMAN,P51654,Glypican-3,,2,7.28,63.6,9.08E+04,LTTTIGK,367.2258
28,28.1,7,5,53.45,7.9,8.67E+05,65561.6,HUMAN,P51654,Glypican-3,,2,7.11,64.2,6.29E+04,SLQVTR,352.2079
29,29.1,5,4,49.14,22.8,5.67E+05,18975.4,HUMAN,A0A0A0MSI0,Peroxiredoxin-1,,2,15.18,87.2,5.02E+04,LVQAFQFTDK,598.8194
29,29.1,5,4,49.14,22.8,5.67E+05,18975.4,HUMAN,A0A0A0MSI0,Peroxiredoxin-1,,2,13.2,86,7.43E+04,QITVNDLPVGR,606.3438
29,29.1,5,4,49.14,22.8,5.67E+05,18975.4,HUMAN,A0A0A0MSI0,Peroxiredoxin-1,,2,10.65,72.4,3.46E+05,GLFIIDDK,460.7587
29,29.1,5,4,49.14,22.8,5.67E+05,18975.4,HUMAN,A0A0A0MSI0,Peroxiredoxin-1,,2,10.11,70.9,2.29E+04,TIAQDYGVLK,554.3063
29,29.1,5,4,49.14,22.8,5.67E+05,18975.4,HUMAN,A0A0A0MSI0,Peroxiredoxin-1,,2,8.38,67.5,7.43E+04,QITVNDLPVGR,606.3417
30,30.1,4,4,48.84,9,3.41E+05,44105.2,HUMAN,P08727,"Keratin, type I cytoskeletal 19",,2,17.73,93,6.96E+04,AALEDTLAETEAR,695.3475
30,30.1,4,4,48.84,9,3.41E+05,44105.2,HUMAN,P08727,"Keratin, type I cytoskeletal 19",,2,11.26,78.9,1.18E+05,VLDELTLAR,515.3014
30,30.1,4,4,48.84,9,3.41E+05,44105.2,HUMAN,P08727,"Keratin, type I cytoskeletal 19",,2,11.16,75.2,8.60E+04,LAADDFR,404.2113
30,30.1,4,4,48.84,9,3.41E+05,44105.2,HUMAN,P08727,"Keratin, type I cytoskeletal 19",,2,9.02,79.9,4.56E+04,ILLDVK,350.7336
30,30.1,4,4,48.84,9,3.41E+05,44105.2,HUMAN,P08727,"Keratin, type I cytoskeletal 19",,2,8.69,75.8,6.72E+04,LASYLDK,405.2253
31,31.1,5,4,46.36,9.6,4.29E+05,46658.5,HUMAN,O75874,Isocitrate dehydrogenase [NADP] cytoplasmic,,2,16.5,87.3,7.65E+04,ATDFVVPGPGK,544.2934
31,31.1,5,4,46.36,9.6,4.29E+05,46658.5,HUMAN,O75874,Isocitrate dehydrogenase [NADP] cytoplasmic,,2,13.22,78.6,3.08E+04,VEITYTPSDGTQK,719.8559
31,31.1,5,4,46.36,9.6,4.29E+05,46658.5,HUMAN,O75874,Isocitrate dehydrogenase [NADP] cytoplasmic,,2,10.44,67.4,7.65E+04,ATDFVVPGPGK,544.2934
31,31.1,5,4,46.36,9.6,4.29E+05,46658.5,HUMAN,O75874,Isocitrate dehydrogenase [NADP] cytoplasmic,,2,9.71,83.1,1.98E+05,NILGGTVFR,488.7822
31,31.1,5,4,46.36,9.6,4.29E+05,46658.5,HUMAN,O75874,Isocitrate dehydrogenase [NADP] cytoplasmic,,2,6.93,79.6,4.73E+04,GLPNVQR,392.2206
32,32.1,3,3,45.81,4.5,1.65E+05,104852.2,HUMAN,O43707,Alpha-actinin-4,,2,17.46,81.1,8.63E+04,TINEVENQILTR,715.3846
32,32.1,3,3,45.81,4.5,1.65E+05,104852.2,HUMAN,O43707,Alpha-actinin-4,,2,14.24,74.4,2.94E+03,LVSIGAEEIVDGNAK,757.9085
32,32.1,3,3,45.81,4.5,1.65E+05,104852.2,HUMAN,O43707,Alpha-actinin-4,,2,14.11,71.1,7.55E+04,FAIQDISVEETSAK,769.3914
33,33.1,4,4,45.57,14.1,3.86E+05,28302.1,HUMAN,P61981,14-3-3 protein gamma,,2,15.17,77.4,3.40E+04,NVTELNEPLSNEER,822.3989
33,33.1,4,4,45.57,14.1,3.86E+05,28302.1,HUMAN,P61981,14-3-3 protein gamma,,2,11.22,80.4,2.24E+05,NLLSVAYK,454.2663
33,33.1,4,4,45.57,14.1,3.86E+05,28302.1,HUMAN,P61981,14-3-3 protein gamma,,2,11.02,82.3,6.47E+04,VISSIEQK,452.2604
33,33.1,4,4,45.57,14.1,3.86E+05,28302.1,HUMAN,P61981,14-3-3 protein gamma,,2,8.16,71.5,6.32E+04,VFYLK,335.2007
34,34.1,4,3,45.24,15.6,5.75E+05,26151.8,HUMAN,P17931,Galectin-3,,3,18.65,92.8,1.81E+05,IQVLVEPDHFK,442.2479
34,34.1,4,3,45.24,15.6,5.75E+05,26151.8,HUMAN,P17931,Galectin-3,,3,15.69,83.1,9.23E+04,IQVLVEPDHFK,662.8665
34,34.1,4,3,45.24,15.6,5.75E+05,26151.8,HUMAN,P17931,Galectin-3,,3,14.75,85,1.76E+05,MLITILGTVKPNANR,547.656
34,34.1,4,3,45.24,15.6,5.75E+05,26151.8,HUMAN,P17931,Galectin-3,,3,11.84,71,1.27E+05,QSVFPFESGKPFK,499.9301
35,35.1,3,3,44.61,4.3,4.65E+05,92693.4,HUMAN,P09327,Villin-1,,2,16.45,81.2,2.77E+04,LFQVQGTGANNTK,689.3597
35,35.1,3,3,44.61,4.3,4.65E+05,92693.4,HUMAN,P09327,Villin-1,,2,14.35,89.3,1.21E+05,AAVPDTVVEPALK,655.3707
35,35.1,3,3,44.61,4.3,4.65E+05,92693.4,HUMAN,P09327,Villin-1,,2,13.81,81,3.16E+05,DPETPIIVVK,555.8246
36,36.1,4,3,42.92,21.4,1.24E+06,13889.9,HUMAN,O60814,Histone H2B type 1-K,,2,17.49,95.1,9.23E+05,LLLPGELAK,477.3053
36,36.1,4,3,42.92,21.4,1.24E+06,13889.9,HUMAN,O60814,Histone H2B type 1-K,,2,12.98,83.3,5.43E+04,qVHPDTGISSK,576.2882
36,36.1,4,3,42.92,21.4,1.24E+06,13889.9,HUMAN,O60814,Histone H2B type 1-K,,2,12.45,83.7,7.76E+04,EIQTAVR,408.7324
36,36.1,4,3,42.92,21.4,1.24E+06,13889.9,HUMAN,O60814,Histone H2B type 1-K,,2,9.18,65.8,1.90E+05,LLLPGELAK,953.6024
37,37.1,4,4,42.33,19.6,5.49E+05,14914.2,HUMAN,K7EK07,Histone H3.1,,2,14.06,88.9,3.08E+05,STELLIR,416.2507
37,37.1,4,4,42.33,19.6,5.49E+05,14914.2,HUMAN,K7EK07,Histone H3.1,,2,10.44,71.3,5.87E+04,EIAQDFK,425.7191
37,37.1,4,4,42.33,19.6,5.49E+05,14914.2,HUMAN,K7EK07,Histone H3.1,,2,9.7,81.2,1.31E+05,DIQLAR,358.2096
37,37.1,4,4,42.33,19.6,5.49E+05,14914.2,HUMAN,K7EK07,Histone H3.1,,3,8.13,69.5,5.12E+04,KLPFQR,394.7435
38,38.1,5,3,40.53,19.7,5.23E+05,17297.7,HUMAN,P22392,Nucleoside diphosphate kinase B,,3,15.04,89.3,2.03E+05,TFIAIKPDGVQR,448.9266
38,38.1,5,3,40.53,19.7,5.23E+05,17297.7,HUMAN,P22392,Nucleoside diphosphate kinase B,,2,14.85,91.8,9.09E+04,GLVGEIIK,414.7634
38,38.1,5,3,40.53,19.7,5.23E+05,17297.7,HUMAN,P22392,Nucleoside diphosphate kinase B,,3,12,76.2,9.90E+04,TFIAIKPDGVQR,672.8843
38,38.1,5,3,40.53,19.7,5.23E+05,17297.7,HUMAN,P22392,Nucleoside diphosphate kinase B,,3,10.64,69.5,3.10E+04,NIIHGSDSVK,535.2845
38,38.1,5,3,40.53,19.7,5.23E+05,17297.7,HUMAN,P22392,Nucleoside diphosphate kinase B,,3,8.44,64.1,9.90E+04,TFIAIKPDGVQR,672.8843
39,39.1,3,3,40.09,12.1,4.66E+05,29173.4,HUMAN,P62258,14-3-3 protein epsilon,,2,18.96,83.4,2.10E+05,LIccDILDVLDK,738.8758
39,39.1,3,3,40.09,12.1,4.66E+05,29173.4,HUMAN,P62258,14-3-3 protein epsilon,,2,11.22,80.4,2.24E+05,NLLSVAYK,454.2663
39,39.1,3,3,40.09,12.1,4.66E+05,29173.4,HUMAN,P62258,14-3-3 protein epsilon,,2,9.91,60.1,3.15E+04,EAAENSLVAYK,597.8041
40,40.1,3,3,39.66,6.6,1.19E+05,55673.3,HUMAN,B4DUR8,T-complex protein 1 subunit gamma,,2,19.04,89.3,7.60E+04,AVAQALEVIPR,583.8482
40,40.1,3,3,39.66,6.6,1.19E+05,55673.3,HUMAN,B4DUR8,T-complex protein 1 subunit gamma,,2,10.89,62.8,4.08E+04,TAVETAVLLLR,593.3626
40,40.1,3,3,39.66,6.6,1.19E+05,55673.3,HUMAN,B4DUR8,T-complex protein 1 subunit gamma,,2,9.73,66.9,2.67E+03,IVLLDSSLEYK,640.3624
40,40.2,8,2,20.02,5.4,4.29E+05,30761,HUMAN,Q5SZX6,T-complex protein 1 subunit gamma (Fragment),,2,10.29,69.9,2.36E+05,IVLLDSSLEYKKGEs,440.9646
40,40.2,8,2,20.02,5.4,4.29E+05,30761,HUMAN,Q5SZX6,T-complex protein 1 subunit gamma (Fragment),,2,9.73,66.9,2.67E+03,IVLLDSSLEYK,640.3624
40,40.2,8,2,20.02,5.4,4.29E+05,30761,HUMAN,Q5SZX6,T-complex protein 1 subunit gamma (Fragment),,2,9.13,62.1,1.91E+05,IVLLDSSLEyKKGES,587.6209
41,41.1,4,4,38.2,13.4,3.92E+05,28081.9,HUMAN,P31946,14-3-3 protein beta/alpha,,2,11.22,80.4,2.24E+05,NLLSVAYK,454.2663
41,41.1,4,4,38.2,13.4,3.92E+05,28081.9,HUMAN,P31946,14-3-3 protein beta/alpha,,2,11.02,82.3,6.47E+04,VISSIEQK,452.2604
41,41.1,4,4,38.2,13.4,3.92E+05,28081.9,HUMAN,P31946,14-3-3 protein beta/alpha,,2,8.16,71.5,6.32E+04,VFYLK,335.2007
41,41.1,4,4,38.2,13.4,3.92E+05,28081.9,HUMAN,P31946,14-3-3 protein beta/alpha,,2,7.8,65.7,3.99E+04,YLIPNATQPESK,680.8585
42,42.1,3,3,32.26,3.6,3.89E+05,76613,HUMAN,P19338,Nucleolin,,2,12.17,80.9,2.06E+05,NDLAVVDVR,500.7736
42,42.1,3,3,32.26,3.6,3.89E+05,76613,HUMAN,P19338,Nucleolin,,2,10.51,77.7,1.02E+05,TGISDVFAK,469.255
42,42.1,3,3,32.26,3.6,3.89E+05,76613,HUMAN,P19338,Nucleolin,,2,9.58,82.4,8.06E+04,ALELTGLK,422.7604
43,43.1,5,2,31.25,12.4,2.96E+05,24115.5,HUMAN,G3V4N7,Creatine kinase B-type,,2,18.58,87.3,1.14E+04,LAVEALSSLDGDLAGR,793.9251
43,43.1,5,2,31.25,12.4,2.96E+05,24115.5,HUMAN,G3V4N7,Creatine kinase B-type,,2,18,89.2,1.65E+05,LAVEALSSLDGDLAGR,793.9224
43,43.1,5,2,31.25,12.4,2.96E+05,24115.5,HUMAN,G3V4N7,Creatine kinase B-type,,2,12.67,72.1,1.05E+05,VLTPELYAELR,652.3647
43,43.1,5,2,31.25,12.4,2.96E+05,24115.5,HUMAN,G3V4N7,Creatine kinase B-type,,2,11.36,64,3.49E+03,LAVEALSSLDGDLAGR,529.6223
43,43.1,5,2,31.25,12.4,2.96E+05,24115.5,HUMAN,G3V4N7,Creatine kinase B-type,,2,10.27,62.8,1.14E+04,LAVEALSSLDGDLAGR,793.9251
44,44.1,3,3,30.73,1.2,1.58E+05,273193.5,HUMAN,A0A0U1RQF0,Fatty acid synthase,,2,10.67,70.8,1.00E+05,SEGVVAVLLTK,558.3388
44,44.1,3,3,30.73,1.2,1.58E+05,273193.5,HUMAN,A0A0U1RQF0,Fatty acid synthase,,2,10.28,75,4.69E+04,LQVVDQPLPVR,632.3731
44,44.1,3,3,30.73,1.2,1.58E+05,273193.5,HUMAN,A0A0U1RQF0,Fatty acid synthase,,2,9.78,64.8,1.11E+04,QEPLLIGSTK,543.3112
45,45.1,4,2,30.68,15.3,2.43E+06,18481.2,HUMAN,A0A0U1RR32,Histone H2A,,2,19.19,89.3,6.63E+05,VTIAQGGVLPNIQAVLLPK,966.0882
45,45.1,4,2,30.68,15.3,2.43E+06,18481.2,HUMAN,A0A0U1RR32,Histone H2A,,2,18.74,94.8,6.63E+05,VTIAQGGVLPNIQAVLLPK,966.0882
45,45.1,4,2,30.68,15.3,2.43E+06,18481.2,HUMAN,A0A0U1RR32,Histone H2A,,2,14.31,73.5,8.73E+05,VTIAQGGVLPNIQAVLLPK,644.3952
45,45.1,4,2,30.68,15.3,2.43E+06,18481.2,HUMAN,A0A0U1RR32,Histone H2A,,3,11.49,73.8,2.36E+05,HLQLAIR,425.767
46,46.1,3,2,30.23,7.2,6.30E+05,49670,HUMAN,P07437,Tubulin beta chain,,2,15.48,88.7,3.57E+05,ALTVPELTQQVFDAK,830.4514
46,46.1,3,2,30.23,7.2,6.30E+05,49670,HUMAN,P07437,Tubulin beta chain,,3,14.75,74.8,1.36E+05,EIVHIQAGQcGNQIGAK,608.315
46,46.1,3,2,30.23,7.2,6.30E+05,49670,HUMAN,P07437,Tubulin beta chain,,3,9.27,70.2,1.36E+05,EIVHIQAGQcGNQIGAK,608.315
47,47.1,2,2,30.14,5.7,1.44E+05,52493.7,HUMAN,P10909,Clusterin,,2,18.67,91.1,1.23E+05,LFDSDPITVTVPVEVSR,937.4994
47,47.1,2,2,30.14,5.7,1.44E+05,52493.7,HUMAN,P10909,Clusterin,,2,11.47,75,2.09E+04,IDSLLENDR,537.7768
48,48.1,2,2,29.67,12.8,1.33E+05,18223.4,HUMAN,E9PHT9,Annexin,,2,16.47,83.6,1.09E+05,VLTEIIASR,501.302
48,48.1,2,2,29.67,12.8,1.33E+05,18223.4,HUMAN,E9PHT9,Annexin,,2,13.2,79.9,2.46E+04,GTVTDFPGFDER,670.8116
49,49.1,4,2,27.99,23.7,1.65E+05,10689.4,HUMAN,B8ZZL8,"10 kDa heat shock protein, mitochondrial",,2,15.65,78.5,4.83E+03,VLQATVVAVGSGSK,658.3851
49,49.1,4,2,27.99,23.7,1.65E+05,10689.4,HUMAN,B8ZZL8,"10 kDa heat shock protein, mitochondrial",,2,14.8,77.6,4.83E+03,VLQATVVAVGSGSK,658.3851
49,49.1,4,2,27.99,23.7,1.65E+05,10689.4,HUMAN,B8ZZL8,"10 kDa heat shock protein, mitochondrial",,2,13.03,77.3,6.71E+04,VLQATVVAVGSGSK,658.3824
49,49.1,4,2,27.99,23.7,1.65E+05,10689.4,HUMAN,B8ZZL8,"10 kDa heat shock protein, mitochondrial",,2,12.34,84.2,8.84E+04,VLLPEYGGTK,538.8036
50,50.1,2,2,27.39,5.7,1.01E+05,47715.3,HUMAN,P23526,Adenosylhomocysteinase,,2,15.75,86.3,6.08E+04,VAVVAGYGDVGK,567.8114
50,50.1,2,2,27.39,5.7,1.01E+05,47715.3,HUMAN,P23526,Adenosylhomocysteinase,,4,11.64,67.2,4.01E+04,KLDEAVAEAHLGK,460.9199
51,51.1,3,3,27.31,5.1,6.02E+05,57923.3,HUMAN,P50991,T-complex protein 1 subunit delta,,2,10.95,65.6,5.21E+05,VIDPATATSVDLR,679.3707
51,51.1,3,3,27.31,5.1,6.02E+05,57923.3,HUMAN,P50991,T-complex protein 1 subunit delta,,2,9.44,78.5,5.26E+04,TVTIVVR,394.2555
51,51.1,3,3,27.31,5.1,6.02E+05,57923.3,HUMAN,P50991,T-complex protein 1 subunit delta,,2,6.92,62,2.78E+04,LVIEEAER,479.765
52,52.1,1,1,24.89,13.6,5.46E+04,12815.4,HUMAN,B0YIW2,Apolipoprotein C-III,,2,24.89,95.9,5.46E+04,DALSSVQESQVAQQAR,858.9283
53,53.1,2,2,23.41,0.9,1.65E+05,187144.7,HUMAN,P01024,Complement C3,,2,12.22,83.8,7.85E+04,TFISPIK,403.2432
53,53.1,2,2,23.41,0.9,1.65E+05,187144.7,HUMAN,P01024,Complement C3,,2,11.19,76.5,8.64E+04,VVLVAVDK,421.7708
54,54.1,2,2,23.17,24.3,1.91E+05,11664.7,HUMAN,P05387,60S acidic ribosomal protein P2,,2,14.2,80.6,1.16E+05,NIEDVIAQGIGK,628.8455
54,54.1,2,2,23.17,24.3,1.91E+05,11664.7,HUMAN,P05387,60S acidic ribosomal protein P2,,3,8.97,70.6,7.47E+04,ILDSVGIEADDDRLNK,591.6392
55,55.1,2,2,22.95,7.6,1.69E+05,38658.3,HUMAN,A6NMY6,Annexin,,2,15.03,77.8,1.20E+05,GLGTDEDSLIEIIcSR,889.4353
55,55.1,2,2,22.95,7.6,1.69E+05,38658.3,HUMAN,A6NMY6,Annexin,,2,7.92,64,4.87E+04,DALNIETAIK,544.3031
56,56.1,2,2,22.78,9.3,5.13E+04,27187.1,HUMAN,F8VU65,60S acidic ribosomal protein P0,,2,14.11,83.6,4.64E+04,IIQLLDDYPK,609.345
56,56.1,2,2,22.78,9.3,5.13E+04,27187.1,HUMAN,F8VU65,60S acidic ribosomal protein P0,,2,8.67,66.6,4.86E+03,GTIEILSDVQLIK,714.9125
57,57.1,2,2,22.12,16.9,2.94E+05,13807.5,HUMAN,A8MW49,"Fatty acid-binding protein, liver",,2,13.54,83.7,5.11E+04,TVVQLEGDNK,551.7905
57,57.1,2,2,22.12,16.9,2.94E+05,13807.5,HUMAN,A8MW49,"Fatty acid-binding protein, liver",,2,8.58,83,2.43E+05,AIGLPEELIQK,605.8565
58,58.1,2,2,21.08,2.7,7.35E+04,95336.5,HUMAN,P13639,Elongation factor 2,,2,11.49,68.7,3.30E+04,STLTDSLVcK,562.2906
58,58.1,2,2,21.08,2.7,7.35E+04,95336.5,HUMAN,P13639,Elongation factor 2,,2,9.59,61.2,4.04E+04,ETVSEESNVLcLSK,797.8859
59,59.1,2,2,20.98,8.6,1.55E+05,36425.5,HUMAN,P40925,"Malate dehydrogenase, cytoplasmic",,2,10.66,69.3,1.25E+05,FVEGLPINDFSR,697.3621
59,59.1,2,2,20.98,8.6,1.55E+05,36425.5,HUMAN,P40925,"Malate dehydrogenase, cytoplasmic",,2,10.32,67,3.04E+04,VIVVGNPANTNcLTASK,879.4658
60,60.1,2,2,20.91,4.5,7.17E+04,61053.6,HUMAN,P10809,"60 kDa heat shock protein, mitochondrial",,2,12.74,76.2,3.68E+03,IQEIIEQLDVTTSEYEK,1019.5172
60,60.1,2,2,20.91,4.5,7.17E+04,61053.6,HUMAN,P10809,"60 kDa heat shock protein, mitochondrial",,2,8.17,70.9,6.80E+04,LSDGVAVLK,451.271
61,61.1,1,1,17.28,19.5,1.36E+05,5054.7,HUMAN,H0YI54,"Keratin, type II cytoskeletal 78 (Fragment)",,2,17.28,89.6,1.36E+05,XDVEIATYR,540.2904
62,62.1,3,1,16.85,1.9,3.42E+05,96542.1,HUMAN,E9PKU7,Neutral alpha-glucosidase AB,,3,16.85,89.7,1.26E+05,VVIIGAGKPAAVVLQTK,555.3536
62,62.1,3,1,16.85,1.9,3.42E+05,96542.1,HUMAN,E9PKU7,Neutral alpha-glucosidase AB,,3,12.32,67,8.91E+04,VVIIGAGKPAAVVLQTK,832.5254
62,62.1,3,1,16.85,1.9,3.42E+05,96542.1,HUMAN,E9PKU7,Neutral alpha-glucosidase AB,,3,11.99,70.1,1.26E+05,VVIIGAGKPAAVVLQTK,555.3536
63,63.1,1,1,16.7,6.5,7.57E+04,22870.9,HUMAN,J3QRP6,Na(+)/H(+) exchange regulatory cofactor NHE-RF1,,2,16.7,89.6,7.57E+04,LLVVDPETDEQLQK,813.9325
64,64.1,1,1,16.68,9.6,1.77E+05,14557.8,HUMAN,E7EPB3,60S ribosomal protein L14,,2,16.68,85,1.77E+05,LVAIVDVIDQNR,677.8896
65,65.1,1,1,16.37,4.4,1.16E+05,26420.3,HUMAN,A0A087WWU8,Tropomyosin alpha-3 chain,,2,16.37,83.9,1.16E+05,IQLVEEELDR,622.3303
66,66.1,2,1,15.46,1.2,5.79E+05,62891,HUMAN,Q6PF15,Kelch-like protein 35,,3,15.46,90.7,2.90E+05,FLEGRLR,445.759
66,66.1,2,1,15.46,1.2,5.79E+05,62891,HUMAN,Q6PF15,Kelch-like protein 35,,3,8.49,63.2,2.90E+05,FLEGRLR,445.759
67,67.1,1,1,14.73,1.8,4.65E+04,87895.6,HUMAN,B7ZL91,Meprin A subunit,,2,14.73,83.1,4.65E+04,QVIITILDQEPDVR,819.9565
68,68.1,1,1,14.39,3.4,2.55E+04,35882.1,HUMAN,P09525,Annexin A4,,2,14.39,72.5,2.55E+04,GLGTDDNTLIR,587.8069
69,69.1,1,1,13.94,4.4,4.81E+04,25034.5,HUMAN,P30041,Peroxiredoxin-6,,3,13.94,78.7,4.81E+04,VVFVFGPDKK,379.2218
70,70.1,1,1,13.44,8.6,1.79E+05,21688.9,HUMAN,E7EMB3,Calmodulin-2,,3,13.44,79.5,1.79E+05,EAFSLFDKDGDGTITTK,615.6365
71,71.1,1,1,13.39,3.4,8.07E+04,33644.3,HUMAN,A0A087X027,Protein SETSIP,,2,13.39,77.5,8.07E+04,VEVTEFEDIK,604.811
72,72.1,1,1,12.91,7.4,1.17E+05,13207.7,HUMAN,C9J5S7,Peptidyl-prolyl cis-trans isomerase,,2,12.91,73.1,1.17E+05,FEDENFILK,577.7901
73,73.1,1,1,12.87,3.9,8.67E+04,45140.1,HUMAN,P08185,Corticosteroid-binding globulin,,2,12.87,65.5,8.67E+04,WSAGLTSSQVDLYIPK,882.9636
74,74.1,1,1,12.36,12.2,6.85E+03,15213.4,HUMAN,A0A087WWH0,RPL17-C18orf32 readthrough,,3,12.36,74.5,6.85E+03,GLDVDSLVIEHIQVNK,593.663
75,75.1,1,1,11.64,8.3,2.24E+05,15267.4,HUMAN,K7EJP1,"ATP synthase subunit alpha, mitochondrial",,2,11.64,80.7,2.24E+05,VVDALGNAIDGK,586.3184
76,76.1,1,1,11.63,0.2,2.09E+05,384195.5,HUMAN,P51587,Breast cancer type 2 susceptibility protein,,3,11.63,91.2,2.09E+05,ILPRVDK,420.7635
77,77.1,1,1,11.44,3.9,4.56E+04,37497.2,HUMAN,Q15365,Poly(rC)-binding protein 1,,2,11.44,78.9,4.56E+04,LVVPATQcGSLIGK,721.9052
78,78.1,1,1,11.02,8,6.14E+04,13741.9,HUMAN,P62851,40S ribosomal protein S25,,2,11.02,80.3,6.14E+04,LITPAVVSER,542.821
79,79.1,1,1,10.99,4.6,3.35E+04,22591,HUMAN,A0A024R4M0,40S ribosomal protein S9,,2,10.99,72.1,3.35E+04,LFEGNALLR,516.7951
80,80.1,1,1,10.87,3.7,4.86E+03,56805.5,HUMAN,F5GWF6,T-complex protein 1 subunit beta,,3,10.87,60.3,4.86E+03,LALVTGGEIASTFDHPELVK,699.7154
81,81.1,1,1,10.87,5.2,4.00E+04,24204.8,HUMAN,P62241,40S ribosomal protein S8,,2,10.87,81.6,4.00E+04,LTPEEEEILNK,657.842
82,82.1,1,1,10.79,1.6,1.77E+05,40775.6,HUMAN,Q7Z5M8,Protein ABHD12B,,2,10.79,88.7,1.77E+05,LYEIAR,382.7193
83,83.1,1,1,10.78,3.6,1.61E+05,25630.6,HUMAN,P08263,Glutathione S-transferase A1,,2,10.78,85.2,1.61E+05,ISNLPTVK,436.2656
84,84.1,1,1,10.76,0.3,9.91E+04,178014.2,HUMAN,A2A369,Dedicator of cytokinesis protein 8,,2,10.76,77.7,9.91E+04,LEFLR,339.2023
85,85.1,1,1,10.74,0.7,2.98E+04,74160.2,HUMAN,A0A1W2PS27,Mediator of RNA polymerase II transcription subunit 17,,2,10.74,78.8,2.98E+04,VLFLK,310.2111
86,86.1,1,1,10.65,1.4,3.35E+04,54693.6,HUMAN,A2VCS9,Microtubule-associated protein 9,,2,10.65,69,3.35E+04,IESENLR,430.7275
87,87.1,1,1,10.53,4.7,1.02E+05,37877.6,HUMAN,H0YDV3,Coiled-coil domain-containing protein 83,,5,10.53,84.4,1.02E+05,LYKDVRSPESHITYK,612.6648
88,88.1,1,1,10.41,2.5,1.38E+05,59619.6,HUMAN,P50990,T-complex protein 1 subunit theta,,2,10.41,73.6,1.38E+05,LVPGGGATEIELAK,677.8839
89,89.1,1,1,10.3,0.9,2.92E+04,82524.1,HUMAN,A0A0A0MS51,Gelsolin,,2,10.3,82.1,2.92E+04,AVEVLPK,378.2364
90,90.1,1,1,10.16,5.9,3.73E+04,12710.4,HUMAN,H0YKB3,Sorbitol dehydrogenase,,2,10.16,64.6,3.73E+04,IGNFIVK,395.7444
91,91.1,1,1,10.16,4.8,2.23E+04,29995.1,HUMAN,P62424,60S ribosomal protein L7a,,2,10.16,63.5,2.23E+04,AGVNTVTTLVENK,673.3637
92,92.1,1,1,10.1,2.8,1.26E+05,28379.7,HUMAN,P13984,General transcription factor IIF subunit 2,,2,10.1,76.5,1.26E+05,DLVDITK,402.2303
93,93.1,1,1,10.09,38,8.64E+04,2223.6,HUMAN,A0A075B6Z2,T cell receptor alpha joining 56 (Fragment),,2,10.09,79.5,8.64E+04,GITLSVRP,421.7583
94,94.1,1,1,9.86,7,4.82E+04,14868.9,HUMAN,H7BYK3,Protein unc-50 homolog (Fragment),,2,9.86,79.7,4.82E+04,XFISNKyLVK,652.8452
95,95.1,1,1,9.84,0.2,3.86E+04,329480.6,HUMAN,Q9NYQ6,Cadherin EGF LAG seven-pass G-type receptor 1,,2,9.84,80.4,3.86E+04,GIVSLLR,379.2495
96,96.1,1,1,9.72,18.7,5.12E+04,7247.3,HUMAN,G3XAN0,40S ribosomal protein S20,,3,9.72,74.5,5.12E+04,LIDLHSPSEIVK,450.9264
97,97.1,1,1,9.47,10.8,3.33E+04,13447.7,HUMAN,F8VU16,60S ribosomal protein L6,,3,9.47,73.2,3.33E+04,VLATVTKPVGGDK,428.9236
98,98.1,1,1,9.46,1.2,8.52E+06,55827.4,HUMAN,A0A087WXU8,ATP-dependent RNA helicase DDX24,,2,9.46,79.7,8.52E+06,LWELIK,401.2475
99,99.1,1,1,9.24,2.5,4.04E+05,39377.1,HUMAN,E9PD72,Transporter,,2,9.24,85.4,4.04E+05,GLGASALER,437.2515
100,100.1,2,1,9.08,2.7,2.36E+05,25641.1,HUMAN,K7EKU0,Amyloid-beta A4 precursor protein-binding family A member 1,,2,9.08,62,1.18E+05,ALEDLR,358.7011
100,100.1,2,1,9.08,2.7,2.36E+05,25641.1,HUMAN,K7EKU0,Amyloid-beta A4 precursor protein-binding family A member 1,,2,7.75,71.6,1.18E+05,ALEDLR,358.7011
101,101.1,1,1,9.06,2.3,1.01E+05,49646.6,HUMAN,Q9NXE8,Pre-mRNA-splicing factor CWC25 homolog,,3,9.06,65.3,1.01E+05,EVLNNPVKMK,586.3372
102,102.1,1,1,8.99,0.7,2.53E+04,81034.2,HUMAN,A0A087WSW7,"Helicase, lymphoid-specific, isoform CRA_d",,3,8.99,70.1,2.53E+04,LIIHK,312.2103
103,103.1,1,1,8.87,1.4,4.71E+04,75623.4,HUMAN,O43895,Xaa-Pro aminopeptidase 2,,2,8.87,64.2,4.71E+04,VLIGNIDLSR,550.3215
104,104.1,1,1,8.85,0.1,1.35E+05,366500.3,HUMAN,A0A0J9YY17,"Dynein heavy chain 10, axonemal",,2,8.85,73.3,1.35E+05,LGIENK,337.1973
105,105.1,1,1,8.79,6.8,5.42E+03,22727.7,HUMAN,E9PK25,Cofilin-1,,2,8.79,70,5.42E+03,LGGSAVISLEGKPL,670.8944
106,106.1,1,1,8.75,13,2.42E+04,9607,HUMAN,H3BSU0,Liver carboxylesterase 1,,2,8.75,64.2,2.42E+04,FLSLDLQGDPR,630.8331
107,107.1,1,1,8.74,0.5,9.54E+04,140003.8,HUMAN,A0A087WTA1,Contactin-associated protein-like 4,,2,8.74,83.5,9.54E+04,LISISGK,359.2288
108,108.1,1,1,8.7,1.2,6.74E+04,61051.4,HUMAN,A0A1W2PP34,Heterogeneous nuclear ribonucleoprotein U,,2,8.7,72.4,6.74E+04,FIEIAAR,410.2395
109,109.1,1,1,8.63,2.8,6.49E+04,30391.3,HUMAN,Q92956,Tumor necrosis factor receptor superfamily member 14,,3,8.63,74.5,6.49E+04,VIVSVQRK,464.7948
110,110.1,1,1,8.34,1,1.44E+05,74679.6,HUMAN,Q15582,Transforming growth factor-beta-induced protein ig-h3,,2,8.34,77.7,1.44E+05,VLTDELK,409.2372
111,111.1,1,1,8.32,0.1,2.54E+04,359230.1,HUMAN,A0A1W2PS94,Testis-expressed protein 15,,2,8.32,71.2,2.54E+04,SYLDK,313.1638
112,112.1,1,1,8.16,2.3,7.68E+04,42571.5,HUMAN,B7ZLH2,LIM homeobox transcription factor 1-beta,,2,8.16,74.9,7.68E+04,IAPTEFVMR,532.275
113,113.1,1,1,8.15,3.2,3.86E+05,17417.6,HUMAN,A0A087WTJ6,Homeobox protein CDX-1,,2,8.15,61.9,3.86E+05,LELEK,316.189
114,114.1,1,1,8.14,17.3,8.70E+04,7840.9,HUMAN,P62857,40S ribosomal protein S28,,2,8.14,63.4,8.70E+04,EGDVLTLLESER,680.8564
115,115.1,1,1,8.12,1,1.10E+05,109659.9,HUMAN,Q5SY80,Cation channel sperm-associated protein subunit epsilon,,4,8.12,71.7,1.10E+05,VYSSNEKmRR,643.3226
116,116.1,1,1,8.08,3.8,1.30E+05,56375.9,HUMAN,H0YEQ7,Polycystic kidney disease protein 1-like 2,,2,8.08,72,1.30E+05,VALGDTcVEDVAFQAAVSEK,703.6863
117,117.1,1,1,8.03,1.1,8.07E+04,48520.4,HUMAN,A2IDD5,Coiled-coil domain-containing protein 78,,2,8.03,73,8.07E+04,SEILR,309.1832
118,118.1,1,1,8.03,3.4,1.12E+05,35328.2,HUMAN,F2Z393,Transaldolase,,2,8.03,60.1,1.12E+05,LLGELLQDNAK,607.3418
119,119.1,1,1,8,2.9,1.18E+05,33935.1,HUMAN,A0A1W2PPZ5,Transcription elongation factor A protein 1,,2,8,76.8,1.18E+05,LLDGPSTEK,480.2634
120,120.1,1,1,7.98,3.6,2.16E+05,40032.8,HUMAN,A2AVK2,"Glutamate receptor ionotropic, NMDA 1",,3,7.98,62.5,2.16E+05,LEtLLEERESKSK,821.4171
121,121.1,1,1,7.78,3.8,6.53E+04,26016.2,HUMAN,H7C1S2,Bifunctional purine biosynthesis protein PURH,,2,7.78,68.3,6.53E+04,SLFSNVVTK,497.7817
122,122.1,1,1,7.71,1.5,1.00E+05,50056.8,HUMAN,Q0D2K0,Magnesium transporter NIPA4,,2,7.71,74.5,1.00E+05,GLGITIK,351.231
123,123.1,1,1,7.7,0.9,9.78E+04,78328.2,HUMAN,B1AHL2,Fibulin-1,,2,7.7,68.8,9.78E+04,DLLLTVK,401.2578
124,124.1,1,1,7.64,5.7,2.17E+05,33764.8,HUMAN,Q6P1S2,Protein C3orf33,,2,7.64,66.2,2.17E+05,GALLVKLAGVELAEtGK,874.9934
125,125.1,1,1,7.6,0.5,7.81E+03,138089.1,HUMAN,A0A087WT71,Unconventional myosin-VIIa,,2,7.6,68.7,7.81E+03,LAQLAR,336.2117
126,126.1,1,1,7.59,0.4,8.31E+04,164125.5,HUMAN,Q9BXW9,Fanconi anemia group D2 protein,,2,7.59,70.6,8.31E+04,LIVSQLK,400.771
127,127.1,1,1,7.58,1.4,1.01E+05,96596.5,HUMAN,Q8N9H8,Exonuclease mut-7 homolog,,4,7.58,63.7,1.01E+05,IILTSGQPFHKLR,503.9752
128,128.1,2,1,7.55,1.2,2.71E+05,54964,HUMAN,A0A096LP07,COP9 signalosome complex subunit 1,,2,7.55,80.8,1.36E+05,LDTDLK,352.6961
128,128.1,2,1,7.55,1.2,2.71E+05,54964,HUMAN,A0A096LP07,COP9 signalosome complex subunit 1,,2,6.31,65.6,1.36E+05,LDTDLK,352.6961
129,129.1,1,1,7.44,0.5,1.59E+05,168138.5,HUMAN,P13569,Cystic fibrosis transmembrane conductance regulator,,2,7.44,70.2,1.59E+05,LSsRVLDK,499.2655
130,130.1,1,1,7.43,2.1,1.24E+05,76062.1,HUMAN,Q15311,RalA-binding protein 1,,5,7.43,67.2,1.24E+05,AGKEPAKPSPSRDR,748.4018
131,131.1,1,1,7.27,4.8,9.07E+04,47121.5,HUMAN,Q15818,Neuronal pentraxin-1,,1,7.27,60.6,9.07E+04,TCALLALCLLGAGAQDFGPtR,724.3449
132,132.1,1,1,7.2,6.7,1.77E+05,20968.6,HUMAN,P50461,Cysteine and glycine-rich protein 3,,3,7.2,86.3,1.77E+05,SVTTSNPSKFTAK,684.3632
133,133.1,1,1,7.13,2.3,4.00E+05,46947.2,HUMAN,A0A1B0GTK7,Histamine H2 receptor,,2,7.13,74.3,4.00E+05,AVRTLPSEAV,521.8064
134,134.1,1,1,6.95,0.6,2.46E+05,286969.4,HUMAN,E9PEM5,Lipopolysaccharide-responsive and beige-like anchor protein,,4,6.95,71,2.46E+05,VQALKAmGyFLKHLAPK,671.0341
135,135.1,1,1,6.9,3.6,5.03E+04,24383.4,HUMAN,A0A1B0GUW0,Synaptotagmin-16,,3,6.9,65.7,5.03E+04,SVTSEKGK,418.2363
136,136.1,1,1,6.86,7.8,3.75E+05,12940.6,HUMAN,E9PJH4,40S ribosomal protein S3,,2,6.86,72.2,3.75E+05,TEIIILATR,515.3136
137,137.1,1,1,6.73,0.8,7.15E+04,76420.9,HUMAN,A0A0A0MSC3,Metabotropic glutamate receptor 7,,2,6.73,71.1,7.15E+04,TIDFDR,383.6922
138,138.1,1,1,6.69,12.5,3.80E+05,7622.1,HUMAN,A0A0A0MQZ5,Cilia- and flagella-associated protein 97,,4,6.69,74.6,3.80E+05,IDKDTKCK,475.7457
139,139.1,1,1,6.67,0.2,5.06E+04,562599.9,HUMAN,H7BY35,Ryanodine receptor 2,,3,6.67,61,5.06E+04,VTSLDSSSHR,544.7738
140,140.1,1,1,6.59,1.8,2.33E+04,37338.3,HUMAN,Q8IZU1,Protein FAM9A,,2,6.59,72.3,2.33E+04,LLNVLK,350.24
141,141.1,1,1,6.58,4.7,1.42E+05,26223.7,HUMAN,B5MDF5,GTP-binding nuclear protein Ran,,2,6.58,69.3,1.42E+05,LVLVGDGGTGK,508.2902
142,142.1,1,1,6.56,1,6.45E+04,95876,HUMAN,Q14721,Potassium voltage-gated channel subfamily B member 1,,3,6.56,67.1,6.45E+04,FLSsPKKWK,600.8107
143,143.1,1,1,6.46,6.1,1.56E+05,29178,HUMAN,Q8N8J0,Putative inactive phosphatidylinositol 4-kinase alpha-like protein P1,,2,6.46,63.1,1.56E+05,EQLVEENTGSLSGPAK,553.6192
144,144.1,1,1,6.45,1,2.28E+04,87337.7,HUMAN,H7C517,Adenylate kinase 9,,2,6.45,70.1,2.28E+04,ITSEYGLK,455.7474
145,145.1,1,1,6.42,1,2.45E+05,72092.5,HUMAN,E7EX60,Neuropilin-1,,4,6.42,72.1,2.45E+05,VFmRKFK,486.2872
146,146.1,1,1,6.38,3.2,3.32E+04,34375.4,HUMAN,A7E2U8,UPF0602 protein C4orf47,,3,6.38,68.1,3.32E+04,LANISGKDDK,530.7865
147,147.1,1,1,6.35,3.8,3.23E+04,24432.5,HUMAN,A8MUD9,60S ribosomal protein L7,,2,6.35,62.6,3.23E+04,SVNELIYK,483.2689
148,148.1,1,1,6.29,0.2,3.09E+04,484119.9,HUMAN,A0A1B0GUS7,Protein unc-13 homolog B,,3,6.29,61.8,3.09E+04,TQVNKEGSPNLEK,481.9269
149,149.1,1,1,6.26,2.1,4.48E+05,58480.1,HUMAN,Q32M84,BTB/POZ domain-containing protein 16,,3,6.26,64.8,4.48E+05,ALAQGTTHPLR,582.8172
150,150.1,1,1,6.24,1.4,1.06E+05,60409.2,HUMAN,A0A087WT25,Tubby-like protein,,2,6.24,73.7,1.06E+05,mPLRDEtLR,613.7767
151,151.1,1,1,6.19,0.3,2.33E+05,247169,HUMAN,A6NMZ7,Collagen alpha-6(VI) chain,,3,6.19,67,2.33E+05,SSASREIGR,481.7611
152,152.1,1,1,6.19,10.6,1.33E+05,22556.9,HUMAN,E2QRN0,Highly divergent homeobox,,4,6.19,67.8,1.33E+05,SYKPEHtGPALHNLCGQKPtIR,1304.1003
153,153.1,1,1,6.05,0.2,7.14E+04,351963.5,HUMAN,Q96N23,Cilia- and flagella-associated protein 54,,2,6.05,66.9,7.14E+04,IAVVLLDK,435.7922
154,154.1,1,1,6.02,3.1,1.16E+05,46211.3,HUMAN,Q6VUC0,Transcription factor AP-2-epsilon,,6,6.02,82.4,1.16E+05,SKNGGRcLRERLEK,851.9607