Group,Subgroup,Spectra,Peptides,Score,Cover,Intensity,MW,Species,Accession,Name,,z,Score,SPI,Intensity,Sequence,m/z
1,1.1,41,32,457.66,8.3,6.45E+06,515595.1,HUMAN,P04114,Apolipoprotein B-100,,2,22.87,91.1,1.15E+05,ITENDIQIALDDAK,779.9015
1,1.1,41,32,457.66,8.3,6.45E+06,515595.1,HUMAN,P04114,Apolipoprotein B-100,,3,21.52,92.6,6.74E+05,ILGEELGFASLHDLQLLGK,685.0496
1,1.1,41,32,457.66,8.3,6.45E+06,515595.1,HUMAN,P04114,Apolipoprotein B-100,,2,21.25,93.5,1.59E+05,ALVEQGFTVPEIK,715.8978
1,1.1,41,32,457.66,8.3,6.45E+06,515595.1,HUMAN,P04114,Apolipoprotein B-100,,2,20.59,95.3,2.19E+05,IVQILPWEQNEQVK,862.4736
2,2.1,37,24,404.83,45.9,1.54E+07,70448.4,HUMAN,J3KMX3,Alpha-fetoprotein,,4,26.42,100,1.83E+06,DALTAIEKPTGDEQSSGcLENQLPAFLEELcHEK,958.2058
2,2.1,37,24,404.83,45.9,1.54E+07,70448.4,HUMAN,J3KMX3,Alpha-fetoprotein,,3,17.29,84.7,1.73E+06,NIFLASFVHEYSR,528.2721
2,2.1,37,24,404.83,45.9,1.54E+07,70448.4,HUMAN,J3KMX3,Alpha-fetoprotein,,2,16.08,89.2,1.41E+06,QEFLINLVK,552.3264
2,2.1,37,24,404.83,45.9,1.54E+07,70448.4,HUMAN,J3KMX3,Alpha-fetoprotein,,3,15.68,74.9,2.06E+05,KAPQLTSSELMAITR,549.3047
27,27.1,6,4,61.85,16.1,1.12E+06,36052.6,HUMAN,P04406,Glyceraldehyde-3-phosphate dehydrogenase,,2,9.41,85.2,1.21E+05,VIPELNGK,435.2583
28,28.1,7,5,53.45,7.9,8.67E+05,65561.6,HUMAN,P51654,Glypican-3,,2,19.27,94.3,3.40E+05,WVPETPVPGSDLQVcLPK,1011.5218
28,28.1,7,5,53.45,7.9,8.67E+05,65561.6,HUMAN,P51654,Glypican-3,,2,12.86,73.8,1.90E+05,WVPETPVPGSDLQVcLPK,674.6863
28,28.1,7,5,53.45,7.9,8.67E+05,65561.6,HUMAN,P51654,Glypican-3,,2,10.03,79.5,6.29E+04,SLQVTR,352.2057
28,28.1,7,5,53.45,7.9,8.67E+05,65561.6,HUMAN,P51654,Glypican-3,,3,8.66,70.7,7.07E+04,HINQLLR,447.273
24,24.1,6,6,73.2,15.3,5.53E+05,49896.9,HUMAN,B4DNK4,Pyruvate kinase,,1,9.57,85.8,8.71E+04,VVPVP,510.3279
24,24.1,6,6,73.2,15.3,5.53E+05,49896.9,HUMAN,B4DNK4,Pyruvate kinase,,2,7.84,61.2,1.03E+05,DIQDLK,366.2018
25,25.1,4,4,65.9,29,1.63E+06,23355.4,HUMAN,P09211,Glutathione S-transferase P,,3,20.56,89.9,2.56E+05,YISLIYTNYEAGKDDYVK,719.0249
25,25.1,4,4,65.9,29,1.63E+06,23355.4,HUMAN,P09211,Glutathione S-transferase P,,2,16.58,61.4,2.66E+05,FQDGDLTLYQSNTILR,942.4784
25,25.1,4,4,65.9,29,1.63E+06,23355.4,HUMAN,P09211,Glutathione S-transferase P,,3,14.52,80.8,9.97E+05,ALPGQLKPFETLLSQNQGGK,709.3923
25,25.1,4,4,65.9,29,1.63E+06,23355.4,HUMAN,P09211,Glutathione S-transferase P,,2,14.24,90.4,1.06E+05,TLGLYGK,376.2212
26,26.1,11,5,65.42,16.8,1.30E+06,39411.1,HUMAN,C9JV77,Alpha-2-HS-glycoprotein,,3,16.62,83.4,8.89E+04,EHAVEGDcDFQLLK,554.2611
26,26.1,11,5,65.42,16.8,1.30E+06,39411.1,HUMAN,C9JV77,Alpha-2-HS-glycoprotein,,3,16.22,81.2,6.36E+04,EHAVEGDcDFQLLK,830.8842
26,26.1,11,5,65.42,16.8,1.30E+06,39411.1,HUMAN,C9JV77,Alpha-2-HS-glycoprotein,,2,15.36,85.3,2.09E+04,AQLVPLPPSTYVEFTVSGTDcVAK,860.4403
26,26.1,11,5,65.42,16.8,1.30E+06,39411.1,HUMAN,C9JV77,Alpha-2-HS-glycoprotein,,2,14.12,71.1,1.74E+05,FSVVYAK,407.2277
26,26.1,11,5,65.42,16.8,1.30E+06,39411.1,HUMAN,C9JV77,Alpha-2-HS-glycoprotein,,3,12.39,76.5,2.92E+05,HTLNQIDEVK,598.8174
26,26.1,11,5,65.42,16.8,1.30E+06,39411.1,HUMAN,C9JV77,Alpha-2-HS-glycoprotein,,2,11.31,70.6,2.09E+04,AQLVPLPPSTYVEFTVSGTDcVAK,860.4403
26,26.1,11,5,65.42,16.8,1.30E+06,39411.1,HUMAN,C9JV77,Alpha-2-HS-glycoprotein,,2,10.04,72.9,2.17E+04,AQLVPLPPSTYVEFTVSGTDcVAK,1290.1586
26,26.1,11,5,65.42,16.8,1.30E+06,39411.1,HUMAN,C9JV77,Alpha-2-HS-glycoprotein,,2,9.04,76.6,2.17E+04,AQLVPLPPSTYVEFTVSGTDcVAK,1290.1586
26,26.1,11,5,65.42,16.8,1.30E+06,39411.1,HUMAN,C9JV77,Alpha-2-HS-glycoprotein,,3,8.71,61.7,2.92E+05,HTLNQIDEVK,598.8174
26,26.1,11,5,65.42,16.8,1.30E+06,39411.1,HUMAN,C9JV77,Alpha-2-HS-glycoprotein,,2,6.93,63.1,1.51E+05,cNLLAEK,424.2211
26,26.1,11,5,65.42,16.8,1.30E+06,39411.1,HUMAN,C9JV77,Alpha-2-HS-glycoprotein,,2,6.78,65.3,1.51E+05,cNLLAEK,424.2211
27,27.1,6,4,61.85,16.1,1.12E+06,36052.6,HUMAN,P04406,Glyceraldehyde-3-phosphate dehydrogenase,,2,19.6,84.1,3.39E+04,LVINGNPITIFQER,807.455
27,27.1,6,4,61.85,16.1,1.12E+06,36052.6,HUMAN,P04406,Glyceraldehyde-3-phosphate dehydrogenase,,2,19.38,84.1,1.83E+05,IISNAScTTNcLAPLAK,917.4617
